"ID","Status","Name","IP address","Group","Manager","Node","Registration date","Version","Last keep alive","OS version architecture","OS version build","OS code name","OS version major","OS version minor","OS name","OS platform","OS uname","OS version"
"008","disconnected","E1-MariaDB-MIA-CP","172.26.52.107","[""default"",""Linux-Servers""]","E1-SOC-SIEM","node01","2021-12-27T10:10:57+00:00","Wazuh v4.4.5","2023-08-22T19:43:26+00:00","x86_64","-","buster","10","-","Debian GNU/Linux","debian","Linux |E1-MariaDB-MIA-CP |4.19.0-18-amd64 |#1 SMP Debian 4.19.208-1 (2021-09-29) |x86_64","10"
"009","disconnected","E1-RP-MIA","200.25.48.68","[""default"",""Linux-Servers"",""RP""]","E1-SOC-SIEM","node01","2021-12-27T10:10:57+00:00","Wazuh v4.4.1","2023-06-21T01:05:36+00:00","x86_64","-","bullseye","11","-","Debian GNU/Linux","debian","Linux |E1-RP-MIA |5.15.53-1-pve |#1 SMP PVE 5.15.53-1 (Fri, 26 Aug 2022 16:53:52 +0200) |x86_64","11"
"011","disconnected","E1-MariaDB-MIA","172.26.52.108","[""default"",""Linux-Servers""]","E1-SOC-SIEM","node01","2021-12-27T10:10:57+00:00","Wazuh v4.4.5","2023-08-22T19:43:26+00:00","x86_64","-","buster","10","-","Debian GNU/Linux","debian","Linux |E1-MariaDB-MIA |4.19.0-10-amd64 |#1 SMP Debian 4.19.132-1 (2020-07-24) |x86_64","10"
"014","disconnected","nb.edgeuno.net","172.26.52.123","[""default"",""Linux-Servers""]","E1-SOC-SIEM","node01","2021-12-27T10:10:57+00:00","Wazuh v4.4.5","2023-08-22T19:43:30+00:00","x86_64","-","Focal Fossa","20","04","Ubuntu","ubuntu","Linux |nb.edgeuno.net |5.4.0-136-generic |#153-Ubuntu SMP Thu Nov 24 15:56:58 UTC 2022 |x86_64","20.04.4 LTS"
"015","disconnected","E1-ALERTS","172.26.52.128","[""default"",""Linux-Servers""]","E1-SOC-SIEM","node01","2021-12-27T10:10:57+00:00","Wazuh v4.4.5","2023-08-22T19:43:29+00:00","x86_64","-","buster","10","-","Debian GNU/Linux","debian","Linux |E1-ALERTS |5.15.53-1-pve |#1 SMP PVE 5.15.53-1 (Fri, 26 Aug 2022 16:53:52 +0200) |x86_64","10"
"022","disconnected","E1-CP-DEV","172.26.52.102","[""default"",""Linux-Servers""]","E1-SOC-SIEM","node01","2021-12-27T10:10:58+00:00","Wazuh v4.4.1","2023-05-31T12:25:33+00:00","x86_64","-","buster","10","-","Debian GNU/Linux","debian","Linux |E1-CP-DEV |5.15.53-1-pve |#1 SMP PVE 5.15.53-1 (Fri, 26 Aug 2022 16:53:52 +0200) |x86_64","10"
"024","disconnected","E1-GITEA","172.26.52.117","[""default"",""Linux-Servers""]","E1-SOC-SIEM","node01","2021-12-27T10:10:58+00:00","Wazuh v4.4.5","2023-08-22T19:43:25+00:00","x86_64","-","buster","10","-","Debian GNU/Linux","debian","Linux |E1-GITEA |5.15.74-1-pve |#1 SMP PVE 5.15.74-1 (Mon, 14 Nov 2022 20:17:15 +0100) |x86_64","10"
"025","disconnected","pve002-mia","200.25.48.53","[""default"",""Linux-Servers-Proxmox"",""Linux-Servers""]","E1-SOC-SIEM","node01","2021-12-27T10:10:58+00:00","Wazuh v4.4.5","2023-08-22T19:43:25+00:00","x86_64","-","bullseye","11","-","Debian GNU/Linux","debian","Linux |pve002-mia |5.15.53-1-pve |#1 SMP PVE 5.15.53-1 (Fri, 26 Aug 2022 16:53:52 +0200) |x86_64","11"
"026","disconnected","pve003-mia","200.25.48.54","[""default"",""Linux-Servers-Proxmox"",""Linux-Servers""]","E1-SOC-SIEM","node01","2021-12-27T10:10:58+00:00","Wazuh v4.4.5","2023-08-22T19:43:28+00:00","x86_64","-","bullseye","11","-","Debian GNU/Linux","debian","Linux |pve003-mia |5.15.74-1-pve |#1 SMP PVE 5.15.74-1 (Mon, 14 Nov 2022 20:17:15 +0100) |x86_64","11"
"027","disconnected","pve001-mia","200.25.48.52","[""default"",""Linux-Servers-Proxmox"",""Linux-Servers""]","E1-SOC-SIEM","node01","2021-12-27T10:10:58+00:00","Wazuh v4.4.5","2023-08-22T19:43:28+00:00","x86_64","-","bullseye","11","-","Debian GNU/Linux","debian","Linux |pve001-mia |5.15.53-1-pve |#1 SMP PVE 5.15.53-1 (Fri, 26 Aug 2022 16:53:52 +0200) |x86_64","11"
"028","disconnected","E1-RP-NYC1","149.112.2.35","[""default"",""Linux-Servers"",""RP""]","E1-SOC-SIEM","node01","2021-12-27T10:10:58+00:00","Wazuh v4.4.5","2023-08-22T19:43:29+00:00","x86_64","-","bullseye","11","-","Debian GNU/Linux","debian","Linux |E1-RP-NYC1 |5.15.53-1-pve |#1 SMP PVE 5.15.53-1 (Fri, 26 Aug 2022 16:53:52 +0200) |x86_64","11"
"036","disconnected","EDCOBGA01","172.16.52.76","[""default"",""Windows-Servers""]","E1-SOC-SIEM","node01","2021-12-27T10:10:58+00:00","Wazuh v4.3.5","2023-08-22T19:43:31+00:00","-","9600","-","6","3","Microsoft Windows Server 2012 R2 Standard","windows","Microsoft Windows Server 2012 R2 Standard","6.3.9600"
"037","disconnected","E1-RP-BOG","172.16.52.30","[""default"",""Linux-Servers"",""RP""]","E1-SOC-SIEM","node01","2021-12-27T10:10:59+00:00","Wazuh v4.4.5","2023-08-09T12:02:59+00:00","x86_64","-","bullseye","11","-","Debian GNU/Linux","debian","Linux |E1-RP-BOG |5.15.74-1-pve |#1 SMP PVE 5.15.74-1 (Mon, 14 Nov 2022 20:17:15 +0100) |x86_64","11"
"038","disconnected","pve001-uio1","10.4.2.160","[""default"",""Linux-Servers-Proxmox"",""Linux-Servers""]","E1-SOC-SIEM","node01","2021-12-27T10:10:59+00:00","Wazuh v4.4.5","2023-08-22T19:43:26+00:00","x86_64","-","bullseye","11","-","Debian GNU/Linux","debian","Linux |pve001-uio1 |5.13.19-6-pve |#1 SMP PVE 5.13.19-15 (Tue, 29 Mar 2022 15:59:50 +0200) |x86_64","11"
"039","disconnected","pve002-uio1","10.4.2.161","[""default"",""Linux-Servers-Proxmox"",""Linux-Servers""]","E1-SOC-SIEM","node01","2021-12-27T10:10:59+00:00","Wazuh v4.4.5","2023-08-22T19:43:26+00:00","x86_64","-","bullseye","11","-","Debian GNU/Linux","debian","Linux |pve002-uio1 |5.13.19-6-pve |#1 SMP PVE 5.13.19-15 (Tue, 29 Mar 2022 15:59:50 +0200) |x86_64","11"
"041","disconnected","pve004-qro1","200.25.32.55","[""default"",""Linux-Servers-Proxmox"",""Linux-Servers""]","E1-SOC-SIEM","node01","2021-12-27T10:10:59+00:00","Wazuh v4.4.5","2023-08-22T19:43:23+00:00","x86_64","-","bullseye","11","-","Debian GNU/Linux","debian","Linux |pve004-qro1 |5.15.74-1-pve |#1 SMP PVE 5.15.74-1 (Mon, 14 Nov 2022 20:17:15 +0100) |x86_64","11"
"042","disconnected","pve005-qro1","200.25.32.56","[""default"",""Linux-Servers-Proxmox"",""Linux-Servers""]","E1-SOC-SIEM","node01","2021-12-27T10:10:59+00:00","Wazuh v4.4.5","2023-08-22T19:43:34+00:00","x86_64","-","bullseye","11","-","Debian GNU/Linux","debian","Linux |pve005-qro1 |5.15.74-1-pve |#1 SMP PVE 5.15.74-1 (Mon, 14 Nov 2022 20:17:15 +0100) |x86_64","11"
"043","disconnected","pve003-qro1","200.25.32.54","[""default"",""Linux-Servers-Proxmox"",""Linux-Servers""]","E1-SOC-SIEM","node01","2021-12-27T10:10:59+00:00","Wazuh v4.4.5","2023-08-22T19:43:35+00:00","x86_64","-","bullseye","11","-","Debian GNU/Linux","debian","Linux |pve003-qro1 |5.15.74-1-pve |#1 SMP PVE 5.15.74-1 (Mon, 14 Nov 2022 20:17:15 +0100) |x86_64","11"
"044","disconnected","pve003-uio1","10.4.2.162","[""default"",""Linux-Servers-Proxmox"",""Linux-Servers""]","E1-SOC-SIEM","node01","2021-12-27T10:10:59+00:00","Wazuh v4.4.5","2023-08-22T19:43:27+00:00","x86_64","-","bullseye","11","-","Debian GNU/Linux","debian","Linux |pve003-uio1 |5.13.19-6-pve |#1 SMP PVE 5.13.19-15 (Tue, 29 Mar 2022 15:59:50 +0200) |x86_64","11"
"047","disconnected","E1-RP-GRU1","200.25.59.70","[""default"",""Linux-Servers"",""RP""]","E1-SOC-SIEM","node01","2021-12-27T10:11:00+00:00","Wazuh v4.4.5","2023-08-22T19:43:28+00:00","x86_64","-","bullseye","11","-","Debian GNU/Linux","debian","Linux |E1-RP-GRU1 |5.15.107-2-pve |#1 SMP PVE 5.15.107-2 (2023-05-10T09:10Z) |x86_64","11"
"051","disconnected","pve001-lim","200.25.44.52","[""default"",""Linux-Servers-Proxmox"",""Linux-Servers""]","E1-SOC-SIEM","node01","2021-12-27T10:11:01+00:00","Wazuh v4.4.5","2023-08-22T19:43:28+00:00","x86_64","-","bullseye","11","-","Debian GNU/Linux","debian","Linux |pve001-lim |5.15.35-1-pve |#1 SMP PVE 5.15.35-3 (Wed, 11 May 2022 07:57:51 +0200) |x86_64","11"
"052","disconnected","pve002-lim","200.25.44.53","[""default"",""Linux-Servers-Proxmox"",""Linux-Servers""]","E1-SOC-SIEM","node01","2021-12-27T10:11:01+00:00","Wazuh v4.4.5","2023-08-22T19:43:29+00:00","x86_64","-","bullseye","11","-","Debian GNU/Linux","debian","Linux |pve002-lim |5.15.35-1-pve |#1 SMP PVE 5.15.35-3 (Wed, 11 May 2022 07:57:51 +0200) |x86_64","11"
"053","disconnected","pve002-for1","200.25.36.37","[""default"",""Linux-Servers-Proxmox"",""Linux-Servers""]","E1-SOC-SIEM","node01","2021-12-27T10:11:01+00:00","Wazuh v4.4.5","2023-08-22T19:43:31+00:00","x86_64","-","bullseye","11","-","Debian GNU/Linux","debian","Linux |pve002-for1 |5.15.60-1-pve |#1 SMP PVE 5.15.60-1 (Mon, 19 Sep 2022 17:53:17 +0200) |x86_64","11"
"054","disconnected","pve003-for1","200.25.36.38","[""default"",""Linux-Servers-Proxmox"",""Linux-Servers""]","E1-SOC-SIEM","node01","2021-12-27T10:11:01+00:00","Wazuh v4.4.5","2023-08-22T19:43:25+00:00","x86_64","-","bullseye","11","-","Debian GNU/Linux","debian","Linux |pve003-for1 |5.15.60-1-pve |#1 SMP PVE 5.15.60-1 (Mon, 19 Sep 2022 17:53:17 +0200) |x86_64","11"
"055","disconnected","pve001-for1","200.25.36.36","[""default"",""Linux-Servers-Proxmox"",""Linux-Servers""]","E1-SOC-SIEM","node01","2021-12-27T10:11:02+00:00","Wazuh v4.4.5","2023-08-22T19:43:31+00:00","x86_64","-","bullseye","11","-","Debian GNU/Linux","debian","Linux |pve001-for1 |5.15.60-1-pve |#1 SMP PVE 5.15.60-1 (Mon, 19 Sep 2022 17:53:17 +0200) |x86_64","11"
"056","disconnected","pve003-lim","200.25.44.54","[""default"",""Linux-Servers-Proxmox"",""Linux-Servers""]","E1-SOC-SIEM","node01","2021-12-27T10:11:02+00:00","Wazuh v4.4.5","2023-08-22T19:43:28+00:00","x86_64","-","bullseye","11","-","Debian GNU/Linux","debian","Linux |pve003-lim |5.15.74-1-pve |#1 SMP PVE 5.15.74-1 (Mon, 14 Nov 2022 20:17:15 +0100) |x86_64","11"
"060","disconnected","pve003-scl1","200.25.20.214","[""default"",""Linux-Servers-Proxmox"",""Linux-Servers""]","E1-SOC-SIEM","node01","2021-12-27T10:11:03+00:00","Wazuh v4.4.5","2023-08-22T19:43:28+00:00","x86_64","-","bullseye","11","-","Debian GNU/Linux","debian","Linux |pve003-scl1 |5.15.39-1-pve |#1 SMP PVE 5.15.39-1 (Wed, 22 Jun 2022 17:22:00 +0200) |x86_64","11"
"062","disconnected","E1-NOC2-FCYKF93","10.202.42.47","[""default"",""Windows-Workstations""]","E1-SOC-SIEM","node01","2021-12-27T10:11:03+00:00","Wazuh v4.3.5","2023-08-22T19:43:26+00:00","-","22621","-","10","0","Microsoft Windows 11 Pro","windows","Microsoft Windows 11 Pro","10.0.22621"
"064","disconnected","E1-NOC1-GCYKF93","10.202.42.40","[""default"",""Windows-Workstations""]","E1-SOC-SIEM","node01","2021-12-27T10:11:04+00:00","Wazuh v4.3.5","2023-08-22T19:43:28+00:00","-","22621","-","10","0","Microsoft Windows 11 Pro","windows","Microsoft Windows 11 Pro","10.0.22621"
"069","disconnected","E1-NOC5-JCYKF93","10.202.42.42","[""default"",""Windows-Workstations""]","E1-SOC-SIEM","node01","2021-12-27T10:11:05+00:00","Wazuh v4.3.5","2023-07-26T02:00:20+00:00","-","22621","-","10","0","Microsoft Windows 11 Pro","windows","Microsoft Windows 11 Pro","10.0.22621"
"076","disconnected","pve001-scl1","200.25.20.212","[""default"",""Linux-Servers-Proxmox"",""Linux-Servers""]","E1-SOC-SIEM","node01","2021-12-27T10:11:07+00:00","Wazuh v4.4.3","2023-07-24T19:27:16+00:00","x86_64","-","bullseye","11","-","Debian GNU/Linux","debian","Linux |pve001-scl1 |5.15.39-1-pve |#1 SMP PVE 5.15.39-1 (Wed, 22 Jun 2022 17:22:00 +0200) |x86_64","11"
"077","disconnected","pve002-scl1","200.25.20.213","[""default"",""Linux-Servers-Proxmox"",""Linux-Servers""]","E1-SOC-SIEM","node01","2021-12-27T10:11:07+00:00","Wazuh v4.4.5","2023-08-22T19:43:31+00:00","x86_64","-","bullseye","11","-","Debian GNU/Linux","debian","Linux |pve002-scl1 |5.15.39-1-pve |#1 SMP PVE 5.15.39-1 (Wed, 22 Jun 2022 17:22:00 +0200) |x86_64","11"
"078","disconnected","pve001-eze1","200.25.61.68","[""default"",""Linux-Servers-Proxmox"",""Linux-Servers""]","E1-SOC-SIEM","node01","2021-12-27T10:11:07+00:00","Wazuh v4.4.5","2023-08-22T19:43:31+00:00","x86_64","-","bullseye","11","-","Debian GNU/Linux","debian","Linux |pve001-eze1 |5.15.74-1-pve |#1 SMP PVE 5.15.74-1 (Mon, 14 Nov 2022 20:17:15 +0100) |x86_64","11"
"083","disconnected","pve002-rio1","200.25.52.85","[""default"",""Linux-Servers-Proxmox"",""Linux-Servers""]","E1-SOC-SIEM","node01","2021-12-27T10:11:09+00:00","Wazuh v4.4.5","2023-08-22T19:43:31+00:00","x86_64","-","bullseye","11","-","Debian GNU/Linux","debian","Linux |pve002-rio1 |5.15.60-2-pve |#1 SMP PVE 5.15.60-2 (Tue, 04 Oct 2022 16:52:28 +0200) |x86_64","11"
"084","disconnected","pve003-rio1","200.25.52.86","[""default"",""Linux-Servers-Proxmox"",""Linux-Servers""]","E1-SOC-SIEM","node01","2021-12-27T10:11:09+00:00","Wazuh v4.4.5","2023-08-22T19:43:31+00:00","x86_64","-","bullseye","11","-","Debian GNU/Linux","debian","Linux |pve003-rio1 |5.15.60-2-pve |#1 SMP PVE 5.15.60-2 (Tue, 04 Oct 2022 16:52:28 +0200) |x86_64","11"
"085","disconnected","pve001-rio1","200.25.52.84","[""default"",""Linux-Servers-Proxmox"",""Linux-Servers""]","E1-SOC-SIEM","node01","2021-12-27T10:11:09+00:00","Wazuh v4.4.5","2023-08-22T19:43:31+00:00","x86_64","-","bullseye","11","-","Debian GNU/Linux","debian","Linux |pve001-rio1 |5.15.60-2-pve |#1 SMP PVE 5.15.60-2 (Tue, 04 Oct 2022 16:52:28 +0200) |x86_64","11"
"086","disconnected","pve002-ist","185.40.106.58","[""default"",""Linux-Servers-Proxmox"",""Linux-Servers""]","E1-SOC-SIEM","node01","2021-12-27T10:11:09+00:00","Wazuh v4.4.5","2023-08-22T19:43:31+00:00","x86_64","-","bullseye","11","-","Debian GNU/Linux","debian","Linux |pve002-ist |5.15.107-2-pve |#1 SMP PVE 5.15.107-2 (2023-05-10T09:10Z) |x86_64","11"
"087","disconnected","pve003-ist","185.40.106.59","[""default"",""Linux-Servers-Proxmox"",""Linux-Servers""]","E1-SOC-SIEM","node01","2021-12-27T10:11:10+00:00","Wazuh v4.4.5","2023-08-22T19:43:30+00:00","x86_64","-","bullseye","11","-","Debian GNU/Linux","debian","Linux |pve003-ist |5.15.107-2-pve |#1 SMP PVE 5.15.107-2 (2023-05-10T09:10Z) |x86_64","11"
"089","disconnected","pve002-poa1","200.25.42.21","[""default"",""Linux-Servers-Proxmox"",""Linux-Servers""]","E1-SOC-SIEM","node01","2021-12-27T10:11:10+00:00","Wazuh v4.4.5","2023-08-22T19:43:31+00:00","x86_64","-","bullseye","11","-","Debian GNU/Linux","debian","Linux |pve002-poa1 |5.15.107-1-pve |#1 SMP PVE 5.15.107-1 (2023-04-20T10:05Z) |x86_64","11"
"090","disconnected","pve002-nyc","207.135.208.72","[""default"",""Linux-Servers-Proxmox"",""Linux-Servers""]","E1-SOC-SIEM","node01","2021-12-27T10:11:10+00:00","Wazuh v4.4.5","2023-08-22T19:43:31+00:00","x86_64","-","bullseye","11","-","Debian GNU/Linux","debian","Linux |pve002-nyc |5.15.53-1-pve |#1 SMP PVE 5.15.53-1 (Fri, 26 Aug 2022 16:53:52 +0200) |x86_64","11"
"091","disconnected","pve001-nyc","207.135.208.71","[""default"",""Linux-Servers-Proxmox"",""Linux-Servers""]","E1-SOC-SIEM","node01","2021-12-27T10:11:11+00:00","Wazuh v4.4.5","2023-08-22T19:43:31+00:00","x86_64","-","bullseye","11","-","Debian GNU/Linux","debian","Linux |pve001-nyc |5.15.53-1-pve |#1 SMP PVE 5.15.53-1 (Fri, 26 Aug 2022 16:53:52 +0200) |x86_64","11"
"092","disconnected","pve005-nyc","207.135.208.70","[""default"",""Linux-Servers-Proxmox"",""Linux-Servers""]","E1-SOC-SIEM","node01","2021-12-27T10:11:11+00:00","Wazuh v4.4.5","2023-08-22T19:43:30+00:00","x86_64","-","bullseye","11","-","Debian GNU/Linux","debian","Linux |pve005-nyc |5.15.53-1-pve |#1 SMP PVE 5.15.53-1 (Fri, 26 Aug 2022 16:53:52 +0200) |x86_64","11"
"093","disconnected","pve004-nyc","207.135.208.69","[""default"",""Linux-Servers-Proxmox"",""Linux-Servers""]","E1-SOC-SIEM","node01","2021-12-27T10:11:11+00:00","Wazuh v4.4.5","2023-08-22T19:43:31+00:00","x86_64","-","bullseye","11","-","Debian GNU/Linux","debian","Linux |pve004-nyc |5.15.53-1-pve |#1 SMP PVE 5.15.53-1 (Fri, 26 Aug 2022 16:53:52 +0200) |x86_64","11"
"094","disconnected","pve003-NYC","207.135.208.73","[""default"",""Linux-Servers-Proxmox"",""Linux-Servers""]","E1-SOC-SIEM","node01","2021-12-27T10:11:12+00:00","Wazuh v4.4.5","2023-08-22T19:43:31+00:00","x86_64","-","bullseye","11","-","Debian GNU/Linux","debian","Linux |pve003-NYC |5.15.53-1-pve |#1 SMP PVE 5.15.53-1 (Fri, 26 Aug 2022 16:53:52 +0200) |x86_64","11"
"104","disconnected","E1-BR-6QK7WF3","192.168.0.25","[""default"",""Windows-Workstations""]","E1-SOC-SIEM","node01","2021-12-27T12:03:55+00:00","Wazuh v4.3.5","2023-08-22T19:43:31+00:00","-","19044","-","10","0","Microsoft Windows 10 Pro","windows","Microsoft Windows 10 Pro","10.0.19044"
"125","disconnected","E1-BR-FCDKQB3","192.168.1.13","[""default"",""Windows-Workstations""]","E1-SOC-SIEM","node01","2021-12-27T13:45:52+00:00","Wazuh v4.3.5","2023-08-16T13:51:21+00:00","-","22621","-","10","0","Microsoft Windows 11 Pro","windows","Microsoft Windows 11 Pro","10.0.22621"
"128","disconnected","E1-BR-BLYC873","10.3.2.158","[""default"",""Windows-Workstations""]","E1-SOC-SIEM","node01","2021-12-27T14:01:39+00:00","Wazuh v4.3.5","2023-08-22T19:43:30+00:00","-","19045","-","10","0","Microsoft Windows 10 Pro","windows","Microsoft Windows 10 Pro","10.0.19045"
"187","disconnected","E1-CO-CSWVYY2","192.168.193.150","[""default"",""Windows-Workstations""]","E1-SOC-SIEM","node01","2022-01-03T12:47:31+00:00","Wazuh v4.3.5","2023-08-22T19:31:36+00:00","-","19044","-","10","0","Microsoft Windows 10 Pro","windows","Microsoft Windows 10 Pro","10.0.19044"
"630","disconnected","E1-BR-8DVHTD3","10.3.2.46","[""default"",""Windows-Workstations""]","E1-SOC-SIEM","node01","2022-01-17T21:21:54+00:00","Wazuh v4.2.6","2023-08-22T19:43:26+00:00","-","19044","-","10","0","Microsoft Windows 10 Pro","windows","Microsoft Windows 10 Pro","10.0.19044"
"631","disconnected","E1-MX-3Y7FT93","192.168.153.169","[""default"",""Windows-Workstations""]","E1-SOC-SIEM","node01","2022-01-17T21:22:11+00:00","Wazuh v4.3.5","2023-08-22T18:52:15+00:00","-","19045","-","10","0","Microsoft Windows 10 Pro","windows","Microsoft Windows 10 Pro","10.0.19045"
"633","disconnected","E1-BR-8QK7WF3","100.80.211.87","[""default"",""Windows-Workstations""]","E1-SOC-SIEM","node01","2022-01-17T21:23:52+00:00","Wazuh v4.2.6","2023-08-22T19:43:33+00:00","-","22621","-","10","0","Microsoft Windows 10 Pro","windows","Microsoft Windows 10 Pro","10.0.22621"
"635","disconnected","E1-CO-4T9FXZ2","10.3.2.176","[""default"",""Windows-Workstations""]","E1-SOC-SIEM","node01","2022-01-17T21:24:32+00:00","Wazuh v4.3.5","2023-08-22T19:43:25+00:00","-","19044","-","10","0","Microsoft Windows 10 Pro","windows","Microsoft Windows 10 Pro","10.0.19044"
"653","disconnected","E1-CO-8K2VB63","10.3.2.235","[""default"",""Windows-Workstations""]","E1-SOC-SIEM","node01","2022-02-08T17:45:27+00:00","Wazuh v4.3.5","2023-08-22T19:43:29+00:00","-","19044","-","10","0","Microsoft Windows 10 Pro","windows","Microsoft Windows 10 Pro","10.0.19044"
"654","disconnected","E1-CO-1XL72D3","192.168.16.128","[""default"",""Windows-Workstations""]","E1-SOC-SIEM","node01","2022-02-08T17:47:18+00:00","Wazuh v4.4.5","2023-08-22T13:31:15+00:00","-","19044","-","10","0","Microsoft Windows 10 Pro","windows","Microsoft Windows 10 Pro","10.0.19044.1766"
"667","disconnected","E1-CO-5X6KZ93","169.254.115.228","[""default"",""Windows-Workstations""]","E1-SOC-SIEM","node01","2022-02-08T17:52:26+00:00","Wazuh v4.3.5","2023-08-22T19:43:25+00:00","-","19044","-","10","0","Microsoft Windows 10 Pro","windows","Microsoft Windows 10 Pro","10.0.19044"
"675","disconnected","EDUSMIADC01","172.26.52.254","[""default"",""Windows-Servers""]","E1-SOC-SIEM","node01","2022-02-09T17:37:47+00:00","Wazuh v4.3.5","2023-08-22T19:43:31+00:00","-","17763","-","10","0","Microsoft Windows Server 2019 Standard","windows","Microsoft Windows Server 2019 Standard","10.0.17763"
"676","disconnected","EDCOBOGDC01","172.16.52.254","[""default"",""Windows-Servers""]","E1-SOC-SIEM","node01","2022-02-09T17:37:53+00:00","Wazuh v4.3.5","2023-08-22T19:43:31+00:00","-","17763","-","10","0","Microsoft Windows Server 2019 Standard","windows","Microsoft Windows Server 2019 Standard","10.0.17763"
"687","disconnected","pve001-ruh1","89.35.237.131","[""default"",""Linux-Servers-Proxmox"",""Linux-Servers""]","E1-SOC-SIEM","node01","2022-02-28T16:03:25+00:00","Wazuh v4.4.5","2023-08-22T19:43:34+00:00","x86_64","-","bullseye","11","-","Debian GNU/Linux","debian","Linux |pve001-ruh1 |5.13.19-4-pve |#1 SMP PVE 5.13.19-9 (Mon, 07 Feb 2022 11:01:14 +0100) |x86_64","11"
"688","disconnected","pve002-ruh1","89.35.237.132","[""default"",""Linux-Servers-Proxmox"",""Linux-Servers""]","E1-SOC-SIEM","node01","2022-02-28T16:08:21+00:00","Wazuh v4.4.5","2023-08-22T19:43:33+00:00","x86_64","-","bullseye","11","-","Debian GNU/Linux","debian","Linux |pve002-ruh1 |5.13.19-4-pve |#1 SMP PVE 5.13.19-9 (Mon, 07 Feb 2022 11:01:14 +0100) |x86_64","11"
"692","disconnected","E1-SpeedTest-GRU","200.25.58.86","[""default"",""Linux-Servers""]","E1-SOC-SIEM","node01","2022-03-08T15:38:24+00:00","Wazuh v4.4.5","2023-08-22T19:43:29+00:00","x86_64","-","Bionic Beaver","18","04","Ubuntu","ubuntu","Linux |E1-SpeedTest-GRU |5.15.107-2-pve |#1 SMP PVE 5.15.107-2 (2023-05-10T09:10Z) |x86_64","18.04.5 LTS"
"702","disconnected","E1-Netstat-MIAMI","200.25.48.70","[""default"",""Linux-Servers""]","E1-SOC-SIEM","node01","2022-03-08T19:27:06+00:00","Wazuh v4.4.5","2023-08-22T19:43:27+00:00","x86_64","-","Focal Fossa","20","04","Ubuntu","ubuntu","Linux |E1-Netstat-MIAMI |5.15.53-1-pve |#1 SMP PVE 5.15.53-1 (Fri, 26 Aug 2022 16:53:52 +0200) |x86_64","20.04.5 LTS"
"708","disconnected","LDAP1","172.16.52.50","[""default"",""Linux-Servers""]","E1-SOC-SIEM","node01","2022-03-08T19:54:38+00:00","Wazuh v4.4.5","2023-08-22T19:43:27+00:00","x86_64","-","Bionic Beaver","18","04","Ubuntu","ubuntu","Linux |E1-LDAP1-Zimbra |5.15.74-1-pve |#1 SMP PVE 5.15.74-1 (Mon, 14 Nov 2022 20:17:15 +0100) |x86_64","18.04.6 LTS"
"710","disconnected","E1-Netstat-EZE1","200.25.62.132","[""default"",""Linux-Servers""]","E1-SOC-SIEM","node01","2022-03-08T21:08:38+00:00","Wazuh v4.4.5","2023-08-01T00:59:19+00:00","x86_64","-","Focal Fossa","20","04","Ubuntu","ubuntu","Linux |E1-Netstat-EZE1 |5.15.35-2-pve |#1 SMP PVE 5.15.35-5 (Wed, 08 Jun 2022 15:02:51 +0200) |x86_64","20.04.5 LTS"
"714","disconnected","E1-SPT-CAI1","213.170.143.119","[""default"",""Linux-Servers""]","E1-SOC-SIEM","node01","2022-03-10T20:45:50+00:00","Wazuh v4.3.5","2023-08-22T19:43:30+00:00","x86_64","-","Focal Fossa","20","04","Ubuntu","ubuntu","Linux |E1-SPT-CAI1 |5.15.74-1-pve |#1 SMP PVE 5.15.74-1 (Mon, 14 Nov 2022 20:17:15 +0100) |x86_64","20.04.4 LTS"
"716","disconnected","spt-uio","200.25.38.205","[""default"",""Linux-Servers""]","E1-SOC-SIEM","node01","2022-03-10T21:32:29+00:00","Wazuh v4.4.5","2023-08-22T19:43:29+00:00","x86_64","-","Bionic Beaver","18","04","Ubuntu","ubuntu","Linux |spt-uio |5.13.19-6-pve |#1 SMP PVE 5.13.19-15 (Tue, 29 Mar 2022 15:59:50 +0200) |x86_64","18.04.6 LTS"
"717","disconnected","E1-Stats-UIO1","200.25.38.206","[""default"",""Linux-Servers""]","E1-SOC-SIEM","node01","2022-03-10T21:32:29+00:00","Wazuh v4.4.5","2023-08-22T19:43:28+00:00","x86_64","-","Focal Fossa","20","04","Ubuntu","ubuntu","Linux |E1-Stats-UIO1 |5.13.19-6-pve |#1 SMP PVE 5.13.19-15 (Tue, 29 Mar 2022 15:59:50 +0200) |x86_64","20.04.5 LTS"
"719","disconnected","pve001-ext","213.183.62.106","[""default"",""Linux-Servers-Proxmox"",""Linux-Servers""]","E1-SOC-SIEM","node01","2022-03-11T12:10:08+00:00","Wazuh v4.4.5","2023-08-22T19:43:31+00:00","x86_64","-","bullseye","11","-","Debian GNU/Linux","debian","Linux |pve001-ext |5.15.64-1-pve |#1 SMP PVE 5.15.64-1 (Thu, 13 Oct 2022 10:30:34 +0200) |x86_64","11"
"724","disconnected","E1-CO-GNQM293","10.3.2.114","[""default"",""Windows-Workstations""]","E1-SOC-SIEM","node01","2022-03-11T15:04:56+00:00","Wazuh v4.3.5","2023-08-22T19:43:25+00:00","-","19045","-","10","0","Microsoft Windows 10 Pro","windows","Microsoft Windows 10 Pro","10.0.19045"
"725","disconnected","E1-Kentik-Probe-GRU1","200.25.59.71","[""default"",""Linux-Servers""]","E1-SOC-SIEM","node01","2022-03-11T15:21:19+00:00","Wazuh v4.4.5","2023-08-22T19:43:30+00:00","x86_64","-","buster","10","-","Debian GNU/Linux","debian","Linux |E1-Kentik-Probe-GRU1 |5.15.102-1-pve |#1 SMP PVE 5.15.102-1 (2023-03-14T13:48Z) |x86_64","10"
"726","disconnected","E1-SPT-SSA1","200.25.66.126","[""default"",""Linux-Servers""]","E1-SOC-SIEM","node01","2022-03-11T16:37:16+00:00","Wazuh v4.4.5","2023-08-22T19:43:28+00:00","x86_64","-","bullseye","11","-","Debian GNU/Linux","debian","Linux |E1-SPT-SSA1 |5.15.107-1-pve |#1 SMP PVE 5.15.107-1 (2023-04-20T10:05Z) |x86_64","11"
"727","disconnected","E1-Stats-SSA1","200.25.66.125","[""default"",""Linux-Servers""]","E1-SOC-SIEM","node01","2022-03-11T16:37:17+00:00","Wazuh v4.4.5","2023-08-22T19:43:28+00:00","x86_64","-","Focal Fossa","20","04","Ubuntu","ubuntu","Linux |E1-Stats-SSA1 |5.15.107-1-pve |#1 SMP PVE 5.15.107-1 (2023-04-20T10:05Z) |x86_64","20.04.5 LTS"
"728","disconnected","E1-Kentik-Probe-SSA1","200.25.66.124","[""default"",""Linux-Servers""]","E1-SOC-SIEM","node01","2022-03-11T16:37:18+00:00","Wazuh v4.4.5","2023-08-22T19:43:27+00:00","x86_64","-","buster","10","-","Debian GNU/Linux","debian","Linux |E1-Kentik-Probe-SSA1 |5.15.107-1-pve |#1 SMP PVE 5.15.107-1 (2023-04-20T10:05Z) |x86_64","10"
"730","disconnected","pve001-ssa1","200.25.66.116","[""default"",""Linux-Servers-Proxmox"",""Linux-Servers""]","E1-SOC-SIEM","node01","2022-03-11T16:59:57+00:00","Wazuh v4.4.5","2023-08-22T19:43:28+00:00","x86_64","-","bullseye","11","-","Debian GNU/Linux","debian","Linux |pve001-ssa1 |5.15.107-1-pve |#1 SMP PVE 5.15.107-1 (2023-04-20T10:05Z) |x86_64","11"
"733","disconnected","E1-Stats-SJO1","200.25.13.78","[""default"",""Linux-Servers""]","E1-SOC-SIEM","node01","2022-03-11T17:09:31+00:00","Wazuh v4.4.5","2023-08-22T19:43:30+00:00","x86_64","-","Focal Fossa","20","04","Ubuntu","ubuntu","Linux |E1-Stats-SJO1 |5.15.74-1-pve |#1 SMP PVE 5.15.74-1 (Mon, 14 Nov 2022 20:17:15 +0100) |x86_64","20.04.5 LTS"
"735","disconnected","pve002-sjo1","200.25.13.69","[""default"",""Linux-Servers-Proxmox"",""Linux-Servers""]","E1-SOC-SIEM","node01","2022-03-11T17:21:24+00:00","Wazuh v4.4.5","2023-08-22T19:43:27+00:00","x86_64","-","bullseye","11","-","Debian GNU/Linux","debian","Linux |pve002-sjo1 |5.15.74-1-pve |#1 SMP PVE 5.15.74-1 (Mon, 14 Nov 2022 20:17:15 +0100) |x86_64","11"
"736","disconnected","pve001-sjo1","200.25.13.68","[""default"",""Linux-Servers-Proxmox"",""Linux-Servers""]","E1-SOC-SIEM","node01","2022-03-11T17:21:25+00:00","Wazuh v4.4.5","2023-08-22T19:43:28+00:00","x86_64","-","bullseye","11","-","Debian GNU/Linux","debian","Linux |pve001-sjo1 |5.15.74-1-pve |#1 SMP PVE 5.15.74-1 (Mon, 14 Nov 2022 20:17:15 +0100) |x86_64","11"
"737","disconnected","pve003-sjo1","200.25.13.70","[""default"",""Linux-Servers-Proxmox"",""Linux-Servers""]","E1-SOC-SIEM","node01","2022-03-11T17:21:28+00:00","Wazuh v4.4.5","2023-08-22T19:43:28+00:00","x86_64","-","bullseye","11","-","Debian GNU/Linux","debian","Linux |pve003-sjo1 |5.15.74-1-pve |#1 SMP PVE 5.15.74-1 (Mon, 14 Nov 2022 20:17:15 +0100) |x86_64","11"
"738","disconnected","E1-Kentik-Probe-SCL1","200.25.20.167","[""default"",""Linux-Servers""]","E1-SOC-SIEM","node01","2022-03-11T17:24:41+00:00","Wazuh v4.4.5","2023-08-22T19:43:28+00:00","x86_64","-","buster","10","-","Debian GNU/Linux","debian","Linux |E1-Kentik-Probe-SCL1 |5.15.39-1-pve |#1 SMP PVE 5.15.39-1 (Wed, 22 Jun 2022 17:22:00 +0200) |x86_64","10"
"739","disconnected","E1-Netstat-SCL1","200.25.20.221","[""default"",""Linux-Servers""]","E1-SOC-SIEM","node01","2022-03-11T17:24:44+00:00","Wazuh v4.4.5","2023-08-22T19:43:31+00:00","x86_64","-","Focal Fossa","20","04","Ubuntu","ubuntu","Linux |E1-Netstat-SCL1 |5.15.39-1-pve |#1 SMP PVE 5.15.39-1 (Wed, 22 Jun 2022 17:22:00 +0200) |x86_64","20.04.5 LTS"
"742","disconnected","E1-Kentik-Probe-RIO1","200.25.52.135","[""default"",""Linux-Servers""]","E1-SOC-SIEM","node01","2022-03-11T18:06:05+00:00","Wazuh v4.4.5","2023-08-22T19:43:30+00:00","x86_64","-","buster","10","-","Debian GNU/Linux","debian","Linux |E1-Kentik-Probe-RIO1 |5.15.60-2-pve |#1 SMP PVE 5.15.60-2 (Tue, 04 Oct 2022 16:52:28 +0200) |x86_64","10"
"756","disconnected","E1-Stats-QRO1","200.25.32.60","[""default"",""Linux-Servers""]","E1-SOC-SIEM","node01","2022-03-11T18:52:34+00:00","Wazuh v4.4.5","2023-08-22T19:43:25+00:00","x86_64","-","Focal Fossa","20","04","Ubuntu","ubuntu","Linux |E1-Stats-QRO1 |5.15.74-1-pve |#1 SMP PVE 5.15.74-1 (Mon, 14 Nov 2022 20:17:15 +0100) |x86_64","20.04.5 LTS"
"885","disconnected","E1-Kentik-Probe-NYC1","200.25.65.118","[""default"",""Linux-Servers""]","E1-SOC-SIEM","node01","2022-03-11T20:39:10+00:00","Wazuh v4.4.1","2023-07-13T19:00:33+00:00","x86_64","-","buster","10","-","Debian GNU/Linux","debian","Linux |E1-Kentik-Probe-NYC1 |6.2.16-3-pve |#1 SMP PREEMPT_DYNAMIC PVE 6.2.16-3 (2023-06-17T05:58Z) |x86_64","10"
"886","disconnected","E1-Netstat-NYC","149.112.2.38","[""default"",""Linux-Servers""]","E1-SOC-SIEM","node01","2022-03-11T20:39:14+00:00","Wazuh v4.4.5","2023-08-22T19:43:31+00:00","x86_64","-","Focal Fossa","20","04","Ubuntu","ubuntu","Linux |E1-Netstat-NYC |5.15.53-1-pve |#1 SMP PVE 5.15.53-1 (Fri, 26 Aug 2022 16:53:52 +0200) |x86_64","20.04.5 LTS"
"5547","disconnected","E1-Grafana","172.26.52.126","[""default"",""Linux-Servers""]","E1-SOC-SIEM","node01","2022-03-14T13:32:12+00:00","Wazuh v4.4.5","2023-08-22T19:43:31+00:00","x86_64","-","buster","10","-","Debian GNU/Linux","debian","Linux |E1-Grafana |5.15.53-1-pve |#1 SMP PVE 5.15.53-1 (Fri, 26 Aug 2022 16:53:52 +0200) |x86_64","10"
"5549","disconnected","E1-MONGODB-TOOLS","172.26.52.155","[""default"",""Linux-Servers""]","E1-SOC-SIEM","node01","2022-03-14T13:32:21+00:00","Wazuh v4.4.5","2023-08-22T19:43:30+00:00","x86_64","-","buster","10","-","Debian GNU/Linux","debian","Linux |E1-MONGODB-TOOLS |5.15.53-1-pve |#1 SMP PVE 5.15.53-1 (Fri, 26 Aug 2022 16:53:52 +0200) |x86_64","10"
"5550","disconnected","nb-dev","172.26.52.105","[""default"",""Linux-Servers""]","E1-SOC-SIEM","node01","2022-03-14T13:32:31+00:00","Wazuh v4.4.5","2023-08-22T19:43:23+00:00","x86_64","-","Focal Fossa","20","04","Ubuntu","ubuntu","Linux |nb-dev |5.4.0-139-generic |#156-Ubuntu SMP Fri Jan 20 17:27:18 UTC 2023 |x86_64","20.04.3 LTS"
"5551","disconnected","e1-mariadb-mia-cp-ha","172.26.52.113","[""default"",""Linux-Servers""]","E1-SOC-SIEM","node01","2022-03-14T13:32:36+00:00","Wazuh v4.4.5","2023-08-22T19:43:27+00:00","x86_64","-","Focal Fossa","20","04","Ubuntu","ubuntu","Linux |e1-mariadb-mia-cp-ha |5.4.0-94-generic |#106-Ubuntu SMP Thu Jan 6 23:58:14 UTC 2022 |x86_64","20.04.3 LTS"
"5552","disconnected","E1-TOOLS-PROD","172.26.52.121","[""default"",""Linux-Servers""]","E1-SOC-SIEM","node01","2022-03-14T13:32:52+00:00","Wazuh v4.4.5","2023-08-22T19:43:30+00:00","x86_64","-","buster","10","-","Debian GNU/Linux","debian","Linux |E1-TOOLS-PROD |5.15.30-2-pve |#1 SMP PVE 5.15.30-3 (Fri, 22 Apr 2022 18:08:27 +0200) |x86_64","10"
"5553","disconnected","E1-TOOLS-STAGE","172.26.52.122","[""default"",""Linux-Servers""]","E1-SOC-SIEM","node01","2022-03-14T13:32:53+00:00","Wazuh v4.4.5","2023-08-22T19:43:30+00:00","x86_64","-","buster","10","-","Debian GNU/Linux","debian","Linux |E1-TOOLS-STAGE |5.15.30-2-pve |#1 SMP PVE 5.15.30-3 (Fri, 22 Apr 2022 18:08:27 +0200) |x86_64","10"
"5554","disconnected","E1-WEBSITE-AS13786","172.26.52.109","[""default"",""Linux-Servers""]","E1-SOC-SIEM","node01","2022-03-14T13:32:53+00:00","Wazuh v4.4.5","2023-08-22T19:43:30+00:00","x86_64","-","buster","10","-","Debian GNU/Linux","debian","Linux |E1-WEBSITE-AS13786 |5.15.53-1-pve |#1 SMP PVE 5.15.53-1 (Fri, 26 Aug 2022 16:53:52 +0200) |x86_64","10"
"5555","disconnected","E1-Zabbix","200.25.48.76","[""default"",""Linux-Servers""]","E1-SOC-SIEM","node01","2022-03-14T13:33:02+00:00","Wazuh v4.4.5","2023-08-22T19:43:31+00:00","x86_64","-","Focal Fossa","20","04","Ubuntu","ubuntu","Linux |E1-Zabbix |5.4.0-90-generic |#101-Ubuntu SMP Fri Oct 15 20:00:55 UTC 2021 |x86_64","20.04.4 LTS"
"5557","disconnected","E1-ALERTS-DEV","172.26.52.133","[""default"",""Linux-Servers""]","E1-SOC-SIEM","node01","2022-03-14T13:33:07+00:00","Wazuh v4.4.5","2023-08-22T19:43:30+00:00","x86_64","-","buster","10","-","Debian GNU/Linux","debian","Linux |E1-ALERTS-DEV |5.15.30-2-pve |#1 SMP PVE 5.15.30-3 (Fri, 22 Apr 2022 18:08:27 +0200) |x86_64","10"
"5558","disconnected","E1-syslog0-mia1","172.26.52.165","[""default"",""Linux-Servers""]","E1-SOC-SIEM","node01","2022-03-14T13:33:14+00:00","Wazuh v4.4.5","2023-08-22T19:43:31+00:00","x86_64","-","Focal Fossa","20","04","Ubuntu","ubuntu","Linux |E1-syslog0-mia1 |5.4.0-137-generic |#154-Ubuntu SMP Thu Jan 5 17:03:22 UTC 2023 |x86_64","20.04.6 LTS"
"5559","disconnected","E1-syslog1-mia1","172.26.52.167","[""default"",""Linux-Servers""]","E1-SOC-SIEM","node01","2022-03-14T13:33:22+00:00","Wazuh v4.4.5","2023-08-22T19:43:30+00:00","x86_64","-","Focal Fossa","20","04","Ubuntu","ubuntu","Linux |E1-syslog1-mia1 |5.4.0-156-generic |#173-Ubuntu SMP Tue Jul 11 07:25:22 UTC 2023 |x86_64","20.04.6 LTS"
"5560","disconnected","E1-NODE-B-APP-PROD","172.26.52.159","[""default"",""Linux-Servers""]","E1-SOC-SIEM","node01","2022-03-14T13:33:27+00:00","Wazuh v4.4.5","2023-08-22T19:43:30+00:00","x86_64","-","bullseye","11","-","Debian GNU/Linux","debian","Linux |E1-NODE-B-APP-PROD |5.15.53-1-pve |#1 SMP PVE 5.15.53-1 (Fri, 26 Aug 2022 16:53:52 +0200) |x86_64","11"
"5672","disconnected","E1-MariaDB-MIA-CP-DEV","172.26.52.103","[""default"",""Linux-Servers""]","E1-SOC-SIEM","node01","2022-03-14T15:06:12+00:00","Wazuh v4.4.5","2023-08-22T19:43:33+00:00","x86_64","-","buster","10","-","Debian GNU/Linux","debian","Linux |E1-MariaDB-MIA-CP-DEV |4.19.0-22-amd64 |#1 SMP Debian 4.19.260-1 (2022-09-29) |x86_64","10"
"5674","disconnected","E1-AWXDB","172.26.52.111","[""default"",""Linux-Servers""]","E1-SOC-SIEM","node01","2022-03-14T15:06:14+00:00","Wazuh v4.4.5","2023-08-22T19:43:30+00:00","x86_64","-","Focal Fossa","20","04","Ubuntu","ubuntu","Linux |E1-AWXDB |5.15.30-2-pve |#1 SMP PVE 5.15.30-3 (Fri, 22 Apr 2022 18:08:27 +0200) |x86_64","20.04.4 LTS"
"5675","disconnected","E1-GITLAB-ENV","172.26.52.156","[""default"",""Linux-Servers""]","E1-SOC-SIEM","node01","2022-03-14T15:06:17+00:00","Wazuh v4.4.5","2023-08-22T19:43:26+00:00","x86_64","-","buster","10","-","Debian GNU/Linux","debian","Linux |E1-GITLAB-ENV |4.19.0-18-cloud-amd64 |#1 SMP Debian 4.19.208-1 (2021-09-29) |x86_64","10"
"6635","disconnected","E1-Netstat-LIM","200.25.44.61","[""default"",""Linux-Servers""]","E1-SOC-SIEM","node01","2022-03-14T21:39:05+00:00","Wazuh v4.4.5","2023-08-22T19:43:30+00:00","x86_64","-","Focal Fossa","20","04","Ubuntu","ubuntu","Linux |E1-Netstat-LIM |5.15.35-1-pve |#1 SMP PVE 5.15.35-3 (Wed, 11 May 2022 07:57:51 +0200) |x86_64","20.04.5 LTS"
"9721","disconnected","spt-gdl1","200.25.15.28","[""default"",""Linux-Servers""]","E1-SOC-SIEM","node01","2022-03-15T12:41:44+00:00","Wazuh v4.3.5","2023-08-22T19:43:32+00:00","x86_64","-","Focal Fossa","20","04","Ubuntu","ubuntu","Linux |spt-gdl1 |5.11.22-3-pve |#1 SMP PVE 5.11.22-6 (Wed, 28 Jul 2021 10:51:12 +0200) |x86_64","20.04.4 LTS"
"9722","disconnected","E1-Stats-GDL1","200.25.15.30","[""default"",""Linux-Servers""]","E1-SOC-SIEM","node01","2022-03-15T12:41:44+00:00","Wazuh v4.4.5","2023-08-22T19:43:33+00:00","x86_64","-","Focal Fossa","20","04","Ubuntu","ubuntu","Linux |E1-Stats-GDL1 |5.11.22-3-pve |#1 SMP PVE 5.11.22-6 (Wed, 28 Jul 2021 10:51:12 +0200) |x86_64","20.04.5 LTS"
"10354","disconnected","E1-Kentik-Probe-FOR1","200.25.36.44","[""default"",""Linux-Servers""]","E1-SOC-SIEM","node01","2022-03-15T14:44:26+00:00","Wazuh v4.4.5","2023-08-22T19:43:29+00:00","x86_64","-","buster","10","-","Debian GNU/Linux","debian","Linux |E1-Kentik-Probe-FOR1 |5.15.60-1-pve |#1 SMP PVE 5.15.60-1 (Mon, 19 Sep 2022 17:53:17 +0200) |x86_64","10"
"10646","disconnected","E1-Kentik-Probe-EZE2","200.25.61.72","[""default"",""Linux-Servers""]","E1-SOC-SIEM","node01","2022-03-15T15:28:10+00:00","Wazuh v4.4.5","2023-08-22T19:43:31+00:00","x86_64","-","buster","10","-","Debian GNU/Linux","debian","Linux |E1-Kentik-Probe-EZE2 |5.15.74-1-pve |#1 SMP PVE 5.15.74-1 (Mon, 14 Nov 2022 20:17:15 +0100) |x86_64","10"
"10648","disconnected","E1-Netstat-EZE2","200.25.60.154","[""default"",""Linux-Servers""]","E1-SOC-SIEM","node01","2022-03-15T15:28:14+00:00","Wazuh v4.4.5","2023-08-22T19:43:33+00:00","x86_64","-","Focal Fossa","20","04","Ubuntu","ubuntu","Linux |E1-Netstat-EZE2 |5.15.74-1-pve |#1 SMP PVE 5.15.74-1 (Mon, 14 Nov 2022 20:17:15 +0100) |x86_64","20.04.5 LTS"
"12013","disconnected","E1-Kentik-Probe-CWB1","200.25.70.121","[""default"",""Linux-Servers""]","E1-SOC-SIEM","node01","2022-03-15T18:52:51+00:00","Wazuh v4.4.5","2023-08-22T19:43:31+00:00","x86_64","-","buster","10","-","Debian GNU/Linux","debian","Linux |E1-Kentik-Probe-CWB1 |5.15.35-2-pve |#1 SMP PVE 5.15.35-5 (Wed, 08 Jun 2022 15:02:51 +0200) |x86_64","10"
"12014","disconnected","E1-Stats-CWB1","200.25.70.120","[""default"",""Linux-Servers""]","E1-SOC-SIEM","node01","2022-03-15T18:52:52+00:00","Wazuh v4.4.5","2023-08-22T19:43:31+00:00","x86_64","-","Focal Fossa","20","04","Ubuntu","ubuntu","Linux |E1-Stats-CWB1 |5.15.35-2-pve |#1 SMP PVE 5.15.35-5 (Wed, 08 Jun 2022 15:02:51 +0200) |x86_64","20.04.5 LTS"
"12124","disconnected","E1-SPT-CWB1","200.25.70.122","[""default"",""Linux-Servers""]","E1-SOC-SIEM","node01","2022-03-15T19:09:12+00:00","Wazuh v4.3.5","2023-08-22T19:43:30+00:00","x86_64","-","Bionic Beaver","18","04","Ubuntu","ubuntu","Linux |E1-SPT-CWB1 |5.15.35-2-pve |#1 SMP PVE 5.15.35-5 (Wed, 08 Jun 2022 15:02:51 +0200) |x86_64","18.04.6 LTS"
"12136","disconnected","pve001-cwb1","200.25.70.116","[""default"",""Linux-Servers-Proxmox"",""Linux-Servers""]","E1-SOC-SIEM","node01","2022-03-15T19:10:53+00:00","Wazuh v4.4.5","2023-08-22T19:43:28+00:00","x86_64","-","bullseye","11","-","Debian GNU/Linux","debian","Linux |pve001-cwb1 |5.15.35-2-pve |#1 SMP PVE 5.15.35-5 (Wed, 08 Jun 2022 15:02:51 +0200) |x86_64","11"
"12176","disconnected","E1-Kentik-Probe-CAI1","213.170.143.121","[""default"",""Linux-Servers""]","E1-SOC-SIEM","node01","2022-03-15T19:16:40+00:00","Wazuh v4.4.5","2023-08-22T19:43:31+00:00","x86_64","-","buster","10","-","Debian GNU/Linux","debian","Linux |E1-Kentik-Probe-CAI1 |5.15.74-1-pve |#1 SMP PVE 5.15.74-1 (Mon, 14 Nov 2022 20:17:15 +0100) |x86_64","10"
"12177","disconnected","E1-Stats-CAI1","213.170.143.120","[""default"",""Linux-Servers""]","E1-SOC-SIEM","node01","2022-03-15T19:16:44+00:00","Wazuh v4.4.5","2023-08-22T19:43:29+00:00","x86_64","-","Focal Fossa","20","04","Ubuntu","ubuntu","Linux |E1-Stats-CAI1 |5.15.74-1-pve |#1 SMP PVE 5.15.74-1 (Mon, 14 Nov 2022 20:17:15 +0100) |x86_64","20.04.5 LTS"
"12196","disconnected","pve002-cai1","213.170.143.117","[""default"",""Linux-Servers-Proxmox"",""Linux-Servers""]","E1-SOC-SIEM","node01","2022-03-15T19:19:43+00:00","Wazuh v4.4.5","2023-08-22T19:43:23+00:00","x86_64","-","bullseye","11","-","Debian GNU/Linux","debian","Linux |pve002-cai1 |5.15.74-1-pve |#1 SMP PVE 5.15.74-1 (Mon, 14 Nov 2022 20:17:15 +0100) |x86_64","11"
"12200","disconnected","pve003-cai1","213.170.143.118","[""default"",""Linux-Servers-Proxmox"",""Linux-Servers""]","E1-SOC-SIEM","node01","2022-03-15T19:19:50+00:00","Wazuh v4.4.5","2023-08-22T19:43:31+00:00","x86_64","-","bullseye","11","-","Debian GNU/Linux","debian","Linux |pve003-cai1 |5.15.74-1-pve |#1 SMP PVE 5.15.74-1 (Mon, 14 Nov 2022 20:17:15 +0100) |x86_64","11"
"12202","disconnected","pve001-cai1","213.170.143.116","[""default"",""Linux-Servers-Proxmox"",""Linux-Servers""]","E1-SOC-SIEM","node01","2022-03-15T19:20:01+00:00","Wazuh v4.4.5","2023-08-22T19:43:30+00:00","x86_64","-","bullseye","11","-","Debian GNU/Linux","debian","Linux |pve001-cai1 |5.15.74-1-pve |#1 SMP PVE 5.15.74-1 (Mon, 14 Nov 2022 20:17:15 +0100) |x86_64","11"
"12244","disconnected","E1-Kentik-Probe-BSB1","200.25.16.123","[""default"",""Linux-Servers""]","E1-SOC-SIEM","node01","2022-03-15T19:26:09+00:00","Wazuh v4.4.5","2023-08-22T19:43:30+00:00","x86_64","-","buster","10","-","Debian GNU/Linux","debian","Linux |E1-Kentik-Probe-BSB1 |5.15.74-1-pve |#1 SMP PVE 5.15.74-1 (Mon, 14 Nov 2022 20:17:15 +0100) |x86_64","10"
"12245","disconnected","E1-Stats-BSB1","200.25.16.126","[""default"",""Linux-Servers""]","E1-SOC-SIEM","node01","2022-03-15T19:26:09+00:00","Wazuh v4.4.5","2023-08-22T19:43:31+00:00","x86_64","-","Focal Fossa","20","04","Ubuntu","ubuntu","Linux |E1-Stats-BSB1 |5.15.74-1-pve |#1 SMP PVE 5.15.74-1 (Mon, 14 Nov 2022 20:17:15 +0100) |x86_64","20.04.5 LTS"
"19158","disconnected","E1-SPT-BSB1","200.25.16.125","[""default"",""Linux-Servers""]","E1-SOC-SIEM","node01","2022-03-16T12:52:19+00:00","Wazuh v4.3.5","2023-08-22T19:43:32+00:00","x86_64","-","bullseye","11","-","Debian GNU/Linux","debian","Linux |E1-SPT-BSB1 |5.15.74-1-pve |#1 SMP PVE 5.15.74-1 (Mon, 14 Nov 2022 20:17:15 +0100) |x86_64","11"
"19175","disconnected","pve001-bsb1","200.25.16.116","[""default"",""Linux-Servers-Proxmox"",""Linux-Servers""]","E1-SOC-SIEM","node01","2022-03-16T12:54:49+00:00","Wazuh v4.4.5","2023-08-22T19:43:31+00:00","x86_64","-","bullseye","11","-","Debian GNU/Linux","debian","Linux |pve001-bsb1 |5.15.74-1-pve |#1 SMP PVE 5.15.74-1 (Mon, 14 Nov 2022 20:17:15 +0100) |x86_64","11"
"19176","disconnected","pve002-bsb1","200.25.16.117","[""default"",""Linux-Servers-Proxmox"",""Linux-Servers""]","E1-SOC-SIEM","node01","2022-03-16T12:54:49+00:00","Wazuh v4.4.5","2023-08-22T19:43:31+00:00","x86_64","-","bullseye","11","-","Debian GNU/Linux","debian","Linux |pve002-bsb1 |5.15.74-1-pve |#1 SMP PVE 5.15.74-1 (Mon, 14 Nov 2022 20:17:15 +0100) |x86_64","11"
"19178","disconnected","pve003-bsb1","200.25.16.118","[""default"",""Linux-Servers-Proxmox"",""Linux-Servers""]","E1-SOC-SIEM","node01","2022-03-16T12:54:53+00:00","Wazuh v4.4.5","2023-08-22T19:43:28+00:00","x86_64","-","bullseye","11","-","Debian GNU/Linux","debian","Linux |pve003-bsb1 |5.15.74-1-pve |#1 SMP PVE 5.15.74-1 (Mon, 14 Nov 2022 20:17:15 +0100) |x86_64","11"
"19199","disconnected","E1-Netstat-BOG","200.25.3.48","[""default"",""Linux-Servers""]","E1-SOC-SIEM","node01","2022-03-16T12:57:27+00:00","Wazuh v4.4.5","2023-08-22T19:43:26+00:00","x86_64","-","Focal Fossa","20","04","Ubuntu","ubuntu","Linux |E1-Netstat-BOG |5.15.74-1-pve |#1 SMP PVE 5.15.74-1 (Mon, 14 Nov 2022 20:17:15 +0100) |x86_64","20.04.5 LTS"
"19354","disconnected","E1-Kentik-Probe-BOG2","200.25.1.166","[""default"",""Linux-Servers""]","E1-SOC-SIEM","node01","2022-03-16T13:20:47+00:00","Wazuh v4.4.5","2023-08-22T19:43:30+00:00","x86_64","-","buster","10","-","Debian GNU/Linux","debian","Linux |E1-Kentik-Probe-BOG2 |5.15.74-1-pve |#1 SMP PVE 5.15.74-1 (Mon, 14 Nov 2022 20:17:15 +0100) |x86_64","10"
"19355","disconnected","E1-HYPER-PROD-BOG","172.16.52.12","[""default"",""Linux-Servers""]","E1-SOC-SIEM","node01","2022-03-16T13:20:49+00:00","Wazuh v4.4.5","2023-08-22T19:43:31+00:00","x86_64","-","Focal Fossa","20","04","Ubuntu","ubuntu","Linux |E1-HYPER-PROD-BOG |5.15.74-1-pve |#1 SMP PVE 5.15.74-1 (Mon, 14 Nov 2022 20:17:15 +0100) |x86_64","20.04.4 LTS"
"19358","disconnected","E1-NOC","172.16.52.180","[""default"",""Linux-Servers""]","E1-SOC-SIEM","node01","2022-03-16T13:20:55+00:00","Wazuh v4.4.5","2023-08-08T20:22:17+00:00","x86_64","-","Focal Fossa","20","04","Ubuntu","ubuntu","Linux |E1-NOC |5.15.74-1-pve |#1 SMP PVE 5.15.74-1 (Mon, 14 Nov 2022 20:17:15 +0100) |x86_64","20.04.4 LTS"
"19359","disconnected","E1-ZABBIX-PROXY-BOG","172.16.52.113","[""default"",""Linux-Servers""]","E1-SOC-SIEM","node01","2022-03-16T13:21:02+00:00","Wazuh v4.4.5","2023-08-22T19:43:26+00:00","x86_64","-","Focal Fossa","20","04","Ubuntu","ubuntu","Linux |E1-ZABBIX-PROXY-BOG |5.4.0-147-generic |#164-Ubuntu SMP Tue Mar 21 14:23:17 UTC 2023 |x86_64","20.04.4 LTS"
"19576","disconnected","E1-SRV-WEB-BLK-LAW","200.25.0.88","[""default"",""Linux-Servers""]","E1-SOC-SIEM","node01","2022-03-16T13:53:42+00:00","Wazuh v4.4.5","2023-08-22T19:43:30+00:00","x86_64","-","buster","10","-","Debian GNU/Linux","debian","Linux |E1-SRV-WEB-BLK-LAW |5.15.74-1-pve |#1 SMP PVE 5.15.74-1 (Mon, 14 Nov 2022 20:17:15 +0100) |x86_64","10"
"20168","disconnected","E1-Grafana-BOG","172.16.52.28","[""default"",""Linux-Servers""]","E1-SOC-SIEM","node01","2022-03-16T15:11:23+00:00","Wazuh v4.4.5","2023-08-22T19:43:27+00:00","x86_64","-","Focal Fossa","20","04","Ubuntu","ubuntu","Linux |E1-Grafana-BOG |5.15.74-1-pve |#1 SMP PVE 5.15.74-1 (Mon, 14 Nov 2022 20:17:15 +0100) |x86_64","20.04.6 LTS"
"20719","disconnected","E1-CO-1M14503","10.95.2.65","[""default"",""Windows-Workstations""]","E1-SOC-SIEM","node01","2022-03-16T16:23:40+00:00","Wazuh v4.3.5","2023-07-12T16:51:12+00:00","-","19044","-","10","0","Microsoft Windows 10 Pro","windows","Microsoft Windows 10 Pro","10.0.19044"
"20723","disconnected","E1-BR-4M4XPM3","10.202.40.48","[""default"",""Windows-Workstations""]","E1-SOC-SIEM","node01","2022-03-16T16:23:59+00:00","Wazuh v4.3.5","2023-08-22T19:30:06+00:00","-","22621","-","10","0","Microsoft Windows 11 Pro","windows","Microsoft Windows 11 Pro","10.0.22621"
"30288","disconnected","E1-CP-EASYDCIM","172.26.52.110","[""default"",""Linux-Servers""]","E1-SOC-SIEM","node01","2022-03-17T14:00:15+00:00","Wazuh v4.4.5","2023-08-22T19:43:30+00:00","x86_64","-","bullseye","11","-","Debian GNU/Linux","debian","Linux |E1-CP-EASYDCIM |5.10.0-21-amd64 |#1 SMP Debian 5.10.162-1 (2023-01-21) |x86_64","11"
"30300","disconnected","E1-ALERTA-INFLUX","172.26.52.132","[""default"",""Linux-Servers""]","E1-SOC-SIEM","node01","2022-03-17T14:09:34+00:00","Wazuh v4.4.5","2023-08-22T19:43:28+00:00","x86_64","-","buster","10","-","Debian GNU/Linux","debian","Linux |E1-ALERTA-INFLUX |5.15.53-1-pve |#1 SMP PVE 5.15.53-1 (Fri, 26 Aug 2022 16:53:52 +0200) |x86_64","10"
"30307","disconnected","E1-InfluxDB-MIA1","172.26.52.127","[""default"",""Linux-Servers""]","E1-SOC-SIEM","node01","2022-03-17T14:14:24+00:00","Wazuh v4.4.5","2023-08-22T19:43:32+00:00","x86_64","-","buster","10","-","Debian GNU/Linux","debian","Linux |E1-InfluxDB-MIA1 |5.15.30-2-pve |#1 SMP PVE 5.15.30-3 (Fri, 22 Apr 2022 18:08:27 +0200) |x86_64","10"
"30578","disconnected","E1-UNIFI","172.16.52.35","[""default"",""Linux-Servers""]","E1-SOC-SIEM","node01","2022-03-17T17:55:33+00:00","Wazuh v4.4.5","2023-08-22T19:43:31+00:00","x86_64","-","Bionic Beaver","18","04","Ubuntu","ubuntu","Linux |E1-UNIFI |5.15.74-1-pve |#1 SMP PVE 5.15.74-1 (Mon, 14 Nov 2022 20:17:15 +0100) |x86_64","18.04.6 LTS"
"30594","disconnected","E1-Status","172.26.52.144","[""default"",""Linux-Servers""]","E1-SOC-SIEM","node01","2022-03-17T18:07:45+00:00","Wazuh v4.4.5","2023-08-22T19:43:30+00:00","x86_64","-","buster","10","-","Debian GNU/Linux","debian","Linux |E1-Status |5.15.53-1-pve |#1 SMP PVE 5.15.53-1 (Fri, 26 Aug 2022 16:53:52 +0200) |x86_64","10"
"30665","disconnected","E1-RADIUS-OKTA","172.16.52.62","[""default"",""Linux-Servers""]","E1-SOC-SIEM","node01","2022-03-17T19:06:20+00:00","Wazuh v4.4.5","2023-08-22T19:43:25+00:00","x86_64","-","Focal Fossa","20","04","Ubuntu","ubuntu","Linux |E1-RADIUS-OKTA |5.4.0-147-generic |#164-Ubuntu SMP Tue Mar 21 14:23:17 UTC 2023 |x86_64","20.04.4 LTS"
"30673","disconnected","E1-NODEJS-APP-DEV","172.26.52.166","[""default"",""Linux-Servers""]","E1-SOC-SIEM","node01","2022-03-17T19:12:01+00:00","Wazuh v4.4.5","2023-08-22T19:43:31+00:00","x86_64","-","bullseye","11","-","Debian GNU/Linux","debian","Linux |E1-NODEJS-APP-DEV |5.15.53-1-pve |#1 SMP PVE 5.15.53-1 (Fri, 26 Aug 2022 16:53:52 +0200) |x86_64","11"
"30685","disconnected","E1-Mirror","200.25.0.91","[""default"",""Linux-Servers""]","E1-SOC-SIEM","node01","2022-03-17T19:21:19+00:00","Wazuh v4.4.5","2023-08-22T19:43:29+00:00","x86_64","-","bullseye","11","-","Debian GNU/Linux","debian","Linux |E1-Mirror |5.15.74-1-pve |#1 SMP PVE 5.15.74-1 (Mon, 14 Nov 2022 20:17:15 +0100) |x86_64","11"
"30713","disconnected","E1-HYPER-DEV-BOG","172.16.52.56","[""default"",""Linux-Servers""]","E1-SOC-SIEM","node01","2022-03-17T19:43:19+00:00","Wazuh v4.4.5","2023-08-22T19:43:31+00:00","x86_64","-","Focal Fossa","20","04","Ubuntu","ubuntu","Linux |E1-HYPER-DEV-BOG |5.15.74-1-pve |#1 SMP PVE 5.15.74-1 (Mon, 14 Nov 2022 20:17:15 +0100) |x86_64","20.04.4 LTS"
"30760","disconnected","E1-Kentik-Probe-POA1","200.25.42.23","[""default"",""Linux-Servers""]","E1-SOC-SIEM","node01","2022-03-17T20:17:39+00:00","Wazuh v4.4.5","2023-08-22T19:43:30+00:00","x86_64","-","buster","10","-","Debian GNU/Linux","debian","Linux |E1-Kentik-Probe-POA1 |5.15.107-1-pve |#1 SMP PVE 5.15.107-1 (2023-04-20T10:05Z) |x86_64","10"
"37347","disconnected","E1-Kentik-Probe-QRO1","200.25.32.59","[""default"",""Linux-Servers""]","E1-SOC-SIEM","node01","2022-03-21T13:33:34+00:00","Wazuh v4.4.5","2023-08-22T19:43:29+00:00","x86_64","-","buster","10","-","Debian GNU/Linux","debian","Linux |E1-Kentik-Probe-QRO1 |5.15.74-1-pve |#1 SMP PVE 5.15.74-1 (Mon, 14 Nov 2022 20:17:15 +0100) |x86_64","10"
"37400","disconnected","E1-SPT-SJU1","200.25.18.124","[""default"",""Linux-Servers""]","E1-SOC-SIEM","node01","2022-03-21T13:53:53+00:00","Wazuh v4.3.5","2023-08-22T19:43:28+00:00","x86_64","-","bullseye","11","-","Debian GNU/Linux","debian","Linux |E1-SPT-SJU1 |5.15.74-1-pve |#1 SMP PVE 5.15.74-1 (Mon, 14 Nov 2022 20:17:15 +0100) |x86_64","11"
"37401","disconnected","E1-Kentik-Probe-SJU1","200.25.18.123","[""default"",""Linux-Servers""]","E1-SOC-SIEM","node01","2022-03-21T13:53:53+00:00","Wazuh v4.4.5","2023-08-22T19:43:29+00:00","x86_64","-","buster","10","-","Debian GNU/Linux","debian","Linux |E1-Kentik-Probe-SJU1 |5.15.74-1-pve |#1 SMP PVE 5.15.74-1 (Mon, 14 Nov 2022 20:17:15 +0100) |x86_64","10"
"37402","disconnected","E1-Stats-SJU1","200.25.18.126","[""default"",""Linux-Servers""]","E1-SOC-SIEM","node01","2022-03-21T13:53:54+00:00","Wazuh v4.4.5","2023-08-22T19:43:33+00:00","x86_64","-","Focal Fossa","20","04","Ubuntu","ubuntu","Linux |E1-Stats-SJU1 |5.15.74-1-pve |#1 SMP PVE 5.15.74-1 (Mon, 14 Nov 2022 20:17:15 +0100) |x86_64","20.04.5 LTS"
"42386","disconnected","pve001-gdl1","200.25.15.20","[""default"",""Linux-Servers-Proxmox"",""Linux-Servers""]","E1-SOC-SIEM","node01","2022-03-22T21:02:42+00:00","Wazuh v4.4.5","2023-08-22T19:43:26+00:00","x86_64","-","bullseye","11","-","Debian GNU/Linux","debian","Linux |pve001-gdl1 |5.11.22-3-pve |#1 SMP PVE 5.11.22-6 (Wed, 28 Jul 2021 10:51:12 +0200) |x86_64","11"
"42399","disconnected","pve001-ist","185.40.106.57","[""default"",""Linux-Servers-Proxmox"",""Linux-Servers""]","E1-SOC-SIEM","node01","2022-03-22T21:05:54+00:00","Wazuh v4.4.5","2023-08-22T19:43:31+00:00","x86_64","-","bullseye","11","-","Debian GNU/Linux","debian","Linux |pve001-ist |5.15.107-2-pve |#1 SMP PVE 5.15.107-2 (2023-05-10T09:10Z) |x86_64","11"
"42521","disconnected","pbs-bog","200.25.1.29","[""default"",""Linux-Servers""]","E1-SOC-SIEM","node01","2022-03-22T21:39:24+00:00","Wazuh v4.4.4","2023-07-11T12:44:43+00:00","x86_64","-","bullseye","11","-","Debian GNU/Linux","debian","Linux |pbs-bog |5.15.104-1-pve |#1 SMP PVE 5.15.104-2 (2023-04-12T11:23Z) |x86_64","11"
"45970","disconnected","E1-Kentik-Probe-IST1","185.40.106.55","[""default"",""Linux-Servers""]","E1-SOC-SIEM","node01","2022-03-23T13:39:42+00:00","Wazuh v4.4.5","2023-08-22T19:43:29+00:00","x86_64","-","buster","10","-","Debian GNU/Linux","debian","Linux |E1-Kentik-Probe-IST1 |5.15.107-2-pve |#1 SMP PVE 5.15.107-2 (2023-05-10T09:10Z) |x86_64","10"
"46001","disconnected","E1-GoAlert","172.26.52.125","[""default"",""Linux-Servers""]","E1-SOC-SIEM","node01","2022-03-23T13:48:11+00:00","Wazuh v4.3.5","2023-08-22T19:43:30+00:00","x86_64","-","bullseye","11","-","Debian GNU/Linux","debian","Linux |E1-GoAlert |5.15.53-1-pve |#1 SMP PVE 5.15.53-1 (Fri, 26 Aug 2022 16:53:52 +0200) |x86_64","11"
"46105","disconnected","E1-TacacsGUI-SP4","200.25.59.44","[""default"",""Linux-Servers""]","E1-SOC-SIEM","node01","2022-03-23T14:17:00+00:00","Wazuh v4.4.5","2023-08-22T19:43:28+00:00","x86_64","-","Bionic Beaver","18","04","Ubuntu","ubuntu","Linux |E1-TacacsGUI-SP4 |4.15.0-211-generic |#222-Ubuntu SMP Tue Apr 18 18:55:06 UTC 2023 |x86_64","18.04.6 LTS"
"46108","disconnected","E1-TacacsGUI","200.25.48.108","[""default"",""Linux-Servers""]","E1-SOC-SIEM","node01","2022-03-23T14:17:24+00:00","Wazuh v4.4.5","2023-08-22T19:43:32+00:00","x86_64","-","Bionic Beaver","18","04","Ubuntu","ubuntu","Linux |E1-TacacsGUI |4.15.0-211-generic |#222-Ubuntu SMP Tue Apr 18 18:55:06 UTC 2023 |x86_64","18.04.6 LTS"
"76434","disconnected","pve004-eze2","200.25.50.36","[""default"",""Linux-Servers-Proxmox"",""Linux-Servers""]","E1-SOC-SIEM","node01","2022-03-31T16:46:58+00:00","Wazuh v4.4.5","2023-08-22T19:43:30+00:00","x86_64","-","bullseye","11","-","Debian GNU/Linux","debian","Linux |pve004-eze2 |5.15.74-1-pve |#1 SMP PVE 5.15.74-1 (Mon, 14 Nov 2022 20:17:15 +0100) |x86_64","11"
"88931","disconnected","E1-RP-MIA-WEB","200.25.48.74","[""default"",""Linux-Servers"",""RP""]","E1-SOC-SIEM","node01","2022-04-02T12:38:52+00:00","Wazuh v4.3.5","2023-08-09T12:30:55+00:00","x86_64","-","bullseye","11","-","Debian GNU/Linux","debian","Linux |E1-RP-MIA-WEB |5.15.30-2-pve |#1 SMP PVE 5.15.30-3 (Fri, 22 Apr 2022 18:08:27 +0200) |x86_64","11"
"139435","disconnected","pve001-poa1","200.25.42.20","[""default"",""Linux-Servers-Proxmox"",""Linux-Servers""]","E1-SOC-SIEM","node01","2022-04-05T19:17:13+00:00","Wazuh v4.4.5","2023-08-22T19:43:31+00:00","x86_64","-","bullseye","11","-","Debian GNU/Linux","debian","Linux |pve001-poa1 |5.15.107-1-pve |#1 SMP PVE 5.15.107-1 (2023-04-20T10:05Z) |x86_64","11"
"139454","disconnected","E1-Kentik-Probe-LIM1","200.25.44.55","[""default"",""Linux-Servers""]","E1-SOC-SIEM","node01","2022-04-05T19:21:32+00:00","Wazuh v4.4.5","2023-08-22T19:43:32+00:00","x86_64","-","buster","10","-","Debian GNU/Linux","debian","Linux |E1-Kentik-Probe-LIM1 |5.15.35-1-pve |#1 SMP PVE 5.15.35-3 (Wed, 11 May 2022 07:57:51 +0200) |x86_64","10"
"139536","disconnected","stats.rio1","200.25.52.93","[""default"",""Linux-Servers""]","E1-SOC-SIEM","node01","2022-04-05T19:51:45+00:00","Wazuh v4.4.5","2023-08-22T19:43:31+00:00","x86_64","-","Focal Fossa","20","04","Ubuntu","ubuntu","Linux |E1-stats |5.15.60-2-pve |#1 SMP PVE 5.15.60-2 (Tue, 04 Oct 2022 16:52:28 +0200) |x86_64","20.04.5 LTS"
"139543","disconnected","E1-CO-HJ2D9G3","10.10.21.142","[""default"",""Windows-Workstations""]","E1-SOC-SIEM","node01","2022-04-20T17:35:52+00:00","Wazuh v4.3.5","2023-08-22T19:29:09+00:00","-","19044","-","10","0","Microsoft Windows 10 Pro","windows","Microsoft Windows 10 Pro","10.0.19044"
"139544","disconnected","E1-stats-FOR1","200.25.36.46","[""default"",""Linux-Servers""]","E1-SOC-SIEM","node01","2022-04-22T19:35:04+00:00","Wazuh v4.4.5","2023-08-22T19:43:28+00:00","x86_64","-","Focal Fossa","20","04","Ubuntu","ubuntu","Linux |E1-stats |5.15.60-1-pve |#1 SMP PVE 5.15.60-1 (Mon, 19 Sep 2022 17:53:17 +0200) |x86_64","20.04.5 LTS"
"139554","disconnected","stats.ist","185.40.106.61","[""default"",""Linux-Servers""]","E1-SOC-SIEM","node01","2022-04-22T19:51:37+00:00","Wazuh v4.4.5","2023-08-22T19:43:29+00:00","x86_64","-","Focal Fossa","20","04","Ubuntu","ubuntu","Linux |E1-stats |5.15.107-2-pve |#1 SMP PVE 5.15.107-2 (2023-05-10T09:10Z) |x86_64","20.04.5 LTS"
"223824","disconnected","pve003-eze1","200.25.62.133","[""default"",""Linux-Servers""]","E1-SOC-SIEM","node01","2022-06-28T15:38:56+00:00","Wazuh v4.4.5","2023-08-22T19:43:32+00:00","x86_64","-","bullseye","11","-","Debian GNU/Linux","debian","Linux |pve003 |5.15.108-1-pve |#1 SMP PVE 5.15.108-1 (2023-06-17T09:41Z) |x86_64","11"
"223859","disconnected","e1-net-storage-gru1","200.25.59.42","[""default"",""Linux-Servers""]","E1-SOC-SIEM","node01","2022-06-28T16:08:09+00:00","Wazuh v4.3.5","2023-08-22T19:43:28+00:00","x86_64","-","Focal Fossa","20","04","Ubuntu","ubuntu","Linux |E1-NETWORK-STORAGE |5.4.0-89-generic |#100-Ubuntu SMP Fri Sep 24 14:50:10 UTC 2021 |x86_64","20.04.3 LTS"
"223863","disconnected","E1-GLPI-MIA","172.26.52.189","[""Linux-Servers""]","E1-SOC-SIEM","node01","2022-07-27T19:11:45+00:00","Wazuh v4.3.5","2023-08-22T19:43:25+00:00","x86_64","-","Jammy Jellyfish","22","04","Ubuntu","ubuntu","Linux |E1-GLPI-MIA |5.15.0-67-generic |#74-Ubuntu SMP Wed Feb 22 14:14:39 UTC 2023 |x86_64","22.04.1 LTS"
"223864","disconnected","E1-Stats-GUA1","200.25.69.119","[""default"",""Linux-Servers""]","E1-SOC-SIEM","node01","2022-07-28T17:40:46+00:00","Wazuh v4.4.5","2023-08-22T19:43:28+00:00","x86_64","-","Focal Fossa","20","04","Ubuntu","ubuntu","Linux |E1-Stats-GUA1 |5.15.107-2-pve |#1 SMP PVE 5.15.107-2 (2023-05-10T09:10Z) |x86_64","20.04.5 LTS"
"223865","disconnected","E1-Kentik-Probe-GUA1","200.25.69.120","[""default"",""Linux-Servers""]","E1-SOC-SIEM","node01","2022-07-28T17:40:47+00:00","Wazuh v4.3.5","2023-08-22T19:43:28+00:00","x86_64","-","buster","10","-","Debian GNU/Linux","debian","Linux |E1-Kentik-Probe-GUA1 |5.15.107-2-pve |#1 SMP PVE 5.15.107-2 (2023-05-10T09:10Z) |x86_64","10"
"223866","disconnected","E1-Kentik-Probe-UIO1","200.25.38.203","[""default"",""Linux-Servers""]","E1-SOC-SIEM","node01","2022-07-28T17:40:47+00:00","Wazuh v4.4.5","2023-08-22T19:43:28+00:00","x86_64","-","buster","10","-","Debian GNU/Linux","debian","Linux |E1-Kentik-Probe-UIO1 |5.13.19-6-pve |#1 SMP PVE 5.13.19-15 (Tue, 29 Mar 2022 15:59:50 +0200) |x86_64","10"
"223868","disconnected","E1-Storage1-Zimbra","172.16.52.49","[""default"",""Linux-Servers""]","E1-SOC-SIEM","node01","2022-07-28T17:40:47+00:00","Wazuh v4.4.5","2023-08-22T19:43:29+00:00","x86_64","-","Bionic Beaver","18","04","Ubuntu","ubuntu","Linux |E1-Storage1-Zimbra |5.15.74-1-pve |#1 SMP PVE 5.15.74-1 (Mon, 14 Nov 2022 20:17:15 +0100) |x86_64","18.04.6 LTS"
"223871","disconnected","E1-proxy2-Zimbra","200.25.3.40","[""default"",""Linux-Servers""]","E1-SOC-SIEM","node01","2022-07-28T17:40:50+00:00","Wazuh v4.3.10","2023-08-22T19:43:31+00:00","x86_64","-","Bionic Beaver","18","04","Ubuntu","ubuntu","Linux |E1-proxy2-Zimbra |5.15.74-1-pve |#1 SMP PVE 5.15.74-1 (Mon, 14 Nov 2022 20:17:15 +0100) |x86_64","18.04.6 LTS"
"223872","disconnected","E1-MTA1-Zimbra","200.25.3.41","[""default"",""Linux-Servers""]","E1-SOC-SIEM","node01","2022-07-28T17:40:51+00:00","Wazuh v4.4.5","2023-08-22T19:43:26+00:00","x86_64","-","Bionic Beaver","18","04","Ubuntu","ubuntu","Linux |E1-MTA1-Zimbra |5.15.74-1-pve |#1 SMP PVE 5.15.74-1 (Mon, 14 Nov 2022 20:17:15 +0100) |x86_64","18.04.6 LTS"
"223878","disconnected","E1-spt-eze1","200.25.60.86","[""default"",""Linux-Servers""]","E1-SOC-SIEM","node01","2022-07-28T17:41:05+00:00","Wazuh v4.4.5","2023-08-22T19:43:28+00:00","x86_64","-","Focal Fossa","20","04","Ubuntu","ubuntu","Linux |E1-spt-eze1 |5.15.74-1-pve |#1 SMP PVE 5.15.74-1 (Mon, 14 Nov 2022 20:17:15 +0100) |x86_64","20.04.4 LTS"
"223879","disconnected","E1-spt-for1","200.25.36.39","[""default"",""Linux-Servers""]","E1-SOC-SIEM","node01","2022-07-28T17:41:06+00:00","Wazuh v4.4.5","2023-08-22T19:43:33+00:00","x86_64","-","Focal Fossa","20","04","Ubuntu","ubuntu","Linux |E1-spt-for1 |5.15.60-1-pve |#1 SMP PVE 5.15.60-1 (Mon, 19 Sep 2022 17:53:17 +0200) |x86_64","20.04.4 LTS"
"223881","disconnected","e1-net-storage-ist1","185.40.106.19","[""default"",""Linux-Servers""]","E1-SOC-SIEM","node01","2022-07-28T17:41:07+00:00","Wazuh v4.3.5","2023-08-22T19:43:30+00:00","x86_64","-","Focal Fossa","20","04","Ubuntu","ubuntu","Linux |E1-NETWORK-STORAGE |5.4.0-152-generic |#169-Ubuntu SMP Tue Jun 6 22:23:09 UTC 2023 |x86_64","20.04.3 LTS"
"223893","disconnected","pve001-bog","200.25.0.66","[""default"",""Linux-Servers""]","E1-SOC-SIEM","node01","2022-08-12T18:27:31+00:00","Wazuh v4.4.5","2023-08-22T19:43:29+00:00","x86_64","-","bullseye","11","-","Debian GNU/Linux","debian","Linux |pve001-bog |5.15.74-1-pve |#1 SMP PVE 5.15.74-1 (Mon, 14 Nov 2022 20:17:15 +0100) |x86_64","11"
"223894","disconnected","pve002-bog","172.16.52.7","[""Linux-Servers""]","E1-SOC-SIEM","node01","2022-08-12T18:28:34+00:00","Wazuh v4.4.5","2023-08-22T19:43:27+00:00","x86_64","-","bullseye","11","-","Debian GNU/Linux","debian","Linux |pve002-bog |5.15.74-1-pve |#1 SMP PVE 5.15.74-1 (Mon, 14 Nov 2022 20:17:15 +0100) |x86_64","11"
"223895","disconnected","pve003-bog","172.16.52.8","[""Linux-Servers""]","E1-SOC-SIEM","node01","2022-08-12T18:29:37+00:00","Wazuh v4.4.5","2023-08-22T19:43:26+00:00","x86_64","-","bullseye","11","-","Debian GNU/Linux","debian","Linux |pve003-bog |5.15.74-1-pve |#1 SMP PVE 5.15.74-1 (Mon, 14 Nov 2022 20:17:15 +0100) |x86_64","11"
"223897","disconnected","pve003-poa1","200.25.42.22","[""default"",""Linux-Servers""]","E1-SOC-SIEM","node01","2022-08-29T12:26:16+00:00","Wazuh v4.4.5","2023-08-22T19:43:29+00:00","x86_64","-","bullseye","11","-","Debian GNU/Linux","debian","Linux |pve003-poa1 |5.15.107-1-pve |#1 SMP PVE 5.15.107-1 (2023-04-20T10:05Z) |x86_64","11"
"223901","disconnected","E1-WEBSITE-WP","172.26.52.183","[""default"",""Linux-Servers""]","E1-SOC-SIEM","node01","2022-09-30T13:18:42+00:00","Wazuh v4.4.5","2023-08-22T19:43:25+00:00","x86_64","-","Jammy Jellyfish","22","04","Ubuntu","ubuntu","Linux |E1-WEBSITE-WP |5.15.0-47-generic |#51-Ubuntu SMP Thu Aug 11 07:51:15 UTC 2022 |x86_64","22.04.2 LTS"
"223902","disconnected","E1-NOC4-8VW05G3","10.202.42.41","[""default""]","E1-SOC-SIEM","node01","2022-10-04T15:59:23+00:00","Wazuh v4.3.5","2023-08-22T19:43:28+00:00","-","22621","-","10","0","Microsoft Windows 11 Pro","windows","Microsoft Windows 11 Pro","10.0.22621"
"223903","disconnected","E1-NOC3-HCYKF93","10.202.40.69","[""default""]","E1-SOC-SIEM","node01","2022-10-04T15:59:27+00:00","Wazuh v4.3.5","2023-07-04T19:09:19+00:00","-","22621","-","10","0","Microsoft Windows 11 Pro","windows","Microsoft Windows 11 Pro","10.0.22621"
"223905","disconnected","E1-kali-madrid","5.188.182.125","[""Linux-VMs-Security"",""Linux-Servers""]","E1-SOC-SIEM","node01","2022-10-04T18:21:44+00:00","Wazuh v4.4.5","2023-08-22T19:43:30+00:00","x86_64","-","-","2023","2","Kali GNU/Linux","kali","Linux |E1-kali-madrid |6.1.0-kali9-amd64 |#1 SMP PREEMPT_DYNAMIC Debian 6.1.27-1kali1 (2023-05-12) |x86_64","2023.2"
"223908","disconnected","EDECUIODC01","172.27.52.254","[""Windows-Servers""]","E1-SOC-SIEM","node01","2022-10-11T15:15:02+00:00","Wazuh v4.4.5","2023-08-22T19:43:28+00:00","-","17763","-","10","0","Microsoft Windows Server 2019 Standard","windows","Microsoft Windows Server 2019 Standard","10.0.17763.4737"
"223909","disconnected","EDBRGRUDC01","172.23.52.254","[""Windows-Servers""]","E1-SOC-SIEM","node01","2022-10-11T17:00:00+00:00","Wazuh v4.4.5","2023-08-22T19:43:25+00:00","-","17763","-","10","0","Microsoft Windows Server 2019 Standard","windows","Microsoft Windows Server 2019 Standard","10.0.17763.4737"
"223911","disconnected","E1-Kentik-Probe-MIA","200.25.48.77","[""default"",""Linux-Servers""]","E1-SOC-SIEM","node01","2022-10-13T15:16:46+00:00","Wazuh v4.4.5","2023-08-22T19:43:28+00:00","x86_64","-","buster","10","-","Debian GNU/Linux","debian","Linux |E1-Kentik-Probe-MIA |5.15.53-1-pve |#1 SMP PVE 5.15.53-1 (Fri, 26 Aug 2022 16:53:52 +0200) |x86_64","10"
"223912","disconnected","E1-Kentik-Probe-SJO1","200.25.13.75","[""default"",""Linux-Servers""]","E1-SOC-SIEM","node01","2022-10-13T18:15:15+00:00","Wazuh v4.4.5","2023-08-22T19:43:29+00:00","x86_64","-","buster","10","-","Debian GNU/Linux","debian","Linux |E1-Kentik-Probe-SJO1 |5.15.74-1-pve |#1 SMP PVE 5.15.74-1 (Mon, 14 Nov 2022 20:17:15 +0100) |x86_64","10"
"223916","disconnected","E1-spt-rio","200.25.52.114","[""default"",""Linux-Servers""]","E1-SOC-SIEM","node01","2022-11-11T09:25:17+00:00","Wazuh v4.4.5","2023-08-22T19:43:29+00:00","x86_64","-","Bionic Beaver","18","04","Ubuntu","ubuntu","Linux |E1-spt-rio |5.15.60-2-pve |#1 SMP PVE 5.15.60-2 (Tue, 04 Oct 2022 16:52:28 +0200) |x86_64","18.04.6 LTS"
"223917","disconnected","pve001-madrid","5.188.182.122","[""Linux-Servers-Proxmox"",""Linux-Servers""]","E1-SOC-SIEM","node01","2022-11-14T19:10:42+00:00","Wazuh v4.4.5","2023-08-22T19:43:28+00:00","x86_64","-","bullseye","11","-","Debian GNU/Linux","debian","Linux |pve001-madrid |5.15.64-1-pve |#1 SMP PVE 5.15.64-1 (Thu, 13 Oct 2022 10:30:34 +0200) |x86_64","11"
"223918","disconnected","E1-0.co.ntp.edgeuno.com","200.25.3.17","[""default"",""Linux-Servers""]","E1-SOC-SIEM","node01","2022-12-06T16:51:40+00:00","Wazuh v4.4.5","2023-08-22T19:43:29+00:00","x86_64","-","Focal Fossa","20","04","Ubuntu","ubuntu","Linux |E1-0 |5.15.74-1-pve |#1 SMP PVE 5.15.74-1 (Mon, 14 Nov 2022 20:17:15 +0100) |x86_64","20.04.5 LTS"
"223919","disconnected","E1-0.cl.ntp.edgeuno.com","200.25.20.50","[""default"",""Linux-Servers""]","E1-SOC-SIEM","node01","2022-12-06T17:51:59+00:00","Wazuh v4.4.5","2023-08-22T19:43:28+00:00","x86_64","-","Bionic Beaver","18","04","Ubuntu","ubuntu","Linux |E1-0 |5.15.39-1-pve |#1 SMP PVE 5.15.39-1 (Wed, 22 Jun 2022 17:22:00 +0200) |x86_64","18.04.6 LTS"
"223920","disconnected","E1-1.co.ntp.edgeuno.com","200.25.3.11","[""default"",""Linux-Servers""]","E1-SOC-SIEM","node01","2022-12-06T17:52:08+00:00","Wazuh v4.4.5","2023-08-22T19:43:30+00:00","x86_64","-","Focal Fossa","20","04","Ubuntu","ubuntu","Linux |E1-1 |5.15.74-1-pve |#1 SMP PVE 5.15.74-1 (Mon, 14 Nov 2022 20:17:15 +0100) |x86_64","20.04.6 LTS"
"223922","disconnected","site1.ecuadorcloud.net.ec","172.16.1.3","[""Linux-Servers""]","E1-SOC-SIEM","node01","2022-12-09T13:48:28+00:00","Wazuh v4.4.5","2023-08-08T16:16:10+00:00","x86_64","-","-","7","9","CentOS Linux","centos","Linux |site1.ecuadorcloud.net.ec |3.10.0-1160.88.1.el7.x86_64 |#1 SMP Tue Mar 7 15:41:52 UTC 2023 |x86_64","7.9"
"223923","disconnected","pve005-bog","172.16.52.10","[""default"",""Linux-Servers""]","E1-SOC-SIEM","node01","2022-12-12T20:41:59+00:00","Wazuh v4.4.5","2023-08-22T19:43:26+00:00","x86_64","-","bullseye","11","-","Debian GNU/Linux","debian","Linux |pve005-bog |5.15.74-1-pve |#1 SMP PVE 5.15.74-1 (Mon, 14 Nov 2022 20:17:15 +0100) |x86_64","11"
"223927","disconnected","E1-stats","200.25.42.30","[""default"",""Linux-Servers""]","E1-SOC-SIEM","node01","2022-12-12T20:58:14+00:00","Wazuh v4.4.5","2023-08-22T19:43:33+00:00","x86_64","-","Focal Fossa","20","04","Ubuntu","ubuntu","Linux |E1-stats |5.15.107-1-pve |#1 SMP PVE 5.15.107-1 (2023-04-20T10:05Z) |x86_64","20.04.5 LTS"
"223932","disconnected","E1-US-C70C3FGK63.local","172.16.225.36","[""default""]","E1-SOC-SIEM","node01","2022-12-26T14:15:38+00:00","Wazuh v4.2.5","2023-06-27T16:24:00+00:00","x86_64","-","Unknown","13","2","macOS","darwin","Darwin |E1-US-C70C3FGK63.local |22.3.0 |Darwin Kernel Version 22.3.0: Mon Jan 30 20:38:37 PST 2023; root:xnu-8792.81.3~2/RELEASE_ARM64_T6000 |x86_64","13.2.1"
"223935","disconnected","stats","89.35.237.142","[""default"",""Linux-Servers""]","E1-SOC-SIEM","node01","2023-01-14T17:52:13+00:00","Wazuh v4.4.5","2023-08-22T19:43:32+00:00","x86_64","-","Focal Fossa","20","04","Ubuntu","ubuntu","Linux |stats |5.13.19-4-pve |#1 SMP PVE 5.13.19-9 (Mon, 07 Feb 2022 11:01:14 +0100) |x86_64","20.04.1 LTS"
"223940","never_connected","DESKTOP-UQCK168","any","[""default""]","-","unknown","2023-03-04T01:48:09+00:00","-","-","-","-","-","-","-","-","-","-","-"
"223942","disconnected","e1-wgmesh-for1","200.25.36.41","[""default"",""Linux-Servers"",""VPN-mesh""]","E1-SOC-SIEM","node01","2023-04-24T20:32:35+00:00","Wazuh v4.4.5","2023-08-22T19:43:28+00:00","x86_64","-","bullseye","11","-","Debian GNU/Linux","debian","Linux |e1-wgmesh-for1 |5.10.0-23-cloud-amd64 |#1 SMP Debian 5.10.179-1 (2023-05-12) |x86_64","11"
"223943","disconnected","e1-wgmesh-poa1","200.25.42.25","[""default"",""Linux-Servers"",""VPN-mesh""]","E1-SOC-SIEM","node01","2023-04-24T21:20:16+00:00","Wazuh v4.4.5","2023-08-22T19:43:30+00:00","x86_64","-","bullseye","11","-","Debian GNU/Linux","debian","Linux |e1-wgmesh-poa1 |5.10.0-23-cloud-amd64 |#1 SMP Debian 5.10.179-2 (2023-07-14) |x86_64","11"
"223944","disconnected","e1-wgmesh-gru1","200.25.58.126","[""default"",""Linux-Servers"",""VPN-mesh""]","E1-SOC-SIEM","node01","2023-04-24T21:20:17+00:00","Wazuh v4.4.5","2023-08-22T19:43:28+00:00","x86_64","-","bullseye","11","-","Debian GNU/Linux","debian","Linux |e1-wgmesh-gru1 |5.10.0-23-cloud-amd64 |#1 SMP Debian 5.10.179-1 (2023-05-12) |x86_64","11"
"223945","disconnected","e1-wgmesh-lim1","200.25.44.56","[""default"",""Linux-Servers"",""VPN-mesh""]","E1-SOC-SIEM","node01","2023-04-24T21:20:17+00:00","Wazuh v4.4.5","2023-08-22T19:43:28+00:00","x86_64","-","bullseye","11","-","Debian GNU/Linux","debian","Linux |e1-wgmesh-lim1 |5.10.0-21-cloud-amd64 |#1 SMP Debian 5.10.162-1 (2023-01-21) |x86_64","11"
"223946","disconnected","e1-wgmesh-eze2","200.25.61.74","[""default"",""Linux-Servers"",""VPN-mesh""]","E1-SOC-SIEM","node01","2023-04-24T21:20:17+00:00","Wazuh v4.4.5","2023-08-22T19:43:30+00:00","x86_64","-","bullseye","11","-","Debian GNU/Linux","debian","Linux |e1-wgmesh-eze2 |5.10.0-23-cloud-amd64 |#1 SMP Debian 5.10.179-1 (2023-05-12) |x86_64","11"
"223947","disconnected","e1-wgmesh-gdl1","200.25.15.22","[""default"",""Linux-Servers"",""VPN-mesh""]","E1-SOC-SIEM","node01","2023-04-24T21:20:18+00:00","Wazuh v4.4.5","2023-08-22T19:43:34+00:00","x86_64","-","bullseye","11","-","Debian GNU/Linux","debian","Linux |e1-wgmesh-gdl1 |5.10.0-23-cloud-amd64 |#1 SMP Debian 5.10.179-1 (2023-05-12) |x86_64","11"
"223948","disconnected","e1-wgmesh-sju1","200.25.18.119","[""default"",""Linux-Servers"",""VPN-mesh""]","E1-SOC-SIEM","node01","2023-04-24T21:20:33+00:00","Wazuh v4.4.5","2023-08-22T19:43:25+00:00","x86_64","-","bullseye","11","-","Debian GNU/Linux","debian","Linux |e1-wgmesh-sju1 |5.10.0-23-cloud-amd64 |#1 SMP Debian 5.10.179-1 (2023-05-12) |x86_64","11"
"223949","disconnected","e1-wgmesh-bog","200.25.0.85","[""default"",""Linux-Servers"",""VPN-mesh""]","E1-SOC-SIEM","node01","2023-04-24T21:20:34+00:00","Wazuh v4.4.5","2023-08-22T19:43:25+00:00","x86_64","-","bullseye","11","-","Debian GNU/Linux","debian","Linux |e1-wgmesh-bog |5.10.0-21-cloud-amd64 |#1 SMP Debian 5.10.162-1 (2023-01-21) |x86_64","11"
"223950","disconnected","e1-wgmesh-sjo1","200.25.13.72","[""default"",""Linux-Servers"",""VPN-mesh""]","E1-SOC-SIEM","node01","2023-04-24T21:20:34+00:00","Wazuh v4.4.5","2023-08-22T19:43:26+00:00","x86_64","-","bullseye","11","-","Debian GNU/Linux","debian","Linux |e1-wgmesh-sjo1 |5.10.0-23-cloud-amd64 |#1 SMP Debian 5.10.179-1 (2023-05-12) |x86_64","11"
"223951","disconnected","e1-wgmesh-rio1","200.25.52.92","[""default"",""Linux-Servers"",""VPN-mesh""]","E1-SOC-SIEM","node01","2023-04-24T21:20:37+00:00","Wazuh v4.4.5","2023-08-22T19:43:27+00:00","x86_64","-","bullseye","11","-","Debian GNU/Linux","debian","Linux |e1-wgmesh-rio1 |5.10.0-23-cloud-amd64 |#1 SMP Debian 5.10.179-1 (2023-05-12) |x86_64","11"
"223952","disconnected","e1-wgmesh-scl1","200.25.20.218","[""default"",""Linux-Servers"",""VPN-mesh""]","E1-SOC-SIEM","node01","2023-04-24T21:20:38+00:00","Wazuh v4.4.5","2023-08-22T19:43:28+00:00","x86_64","-","bullseye","11","-","Debian GNU/Linux","debian","Linux |e1-wgmesh-scl1 |5.10.0-23-cloud-amd64 |#1 SMP Debian 5.10.179-1 (2023-05-12) |x86_64","11"
"223953","disconnected","e1-wgmesh-uio1","200.25.38.195","[""default"",""Linux-Servers"",""VPN-mesh""]","E1-SOC-SIEM","node01","2023-04-24T21:20:50+00:00","Wazuh v4.4.5","2023-08-22T19:43:28+00:00","x86_64","-","bullseye","11","-","Debian GNU/Linux","debian","Linux |e1-wgmesh-uio1 |5.10.0-23-cloud-amd64 |#1 SMP Debian 5.10.179-1 (2023-05-12) |x86_64","11"
"223954","disconnected","e1-wgmesh-ssa1","200.25.66.117","[""default"",""Linux-Servers"",""VPN-mesh""]","E1-SOC-SIEM","node01","2023-04-24T21:20:54+00:00","Wazuh v4.4.5","2023-08-22T19:43:28+00:00","x86_64","-","bullseye","11","-","Debian GNU/Linux","debian","Linux |e1-wgmesh-ssa1 |5.10.0-23-cloud-amd64 |#1 SMP Debian 5.10.179-1 (2023-05-12) |x86_64","11"
"223955","disconnected","e1-wgmesh-bsb1","200.25.16.119","[""default"",""Linux-Servers"",""VPN-mesh""]","E1-SOC-SIEM","node01","2023-04-24T21:20:55+00:00","Wazuh v4.4.5","2023-08-22T19:43:28+00:00","x86_64","-","bullseye","11","-","Debian GNU/Linux","debian","Linux |e1-wgmesh-bsb1 |5.10.0-23-cloud-amd64 |#1 SMP Debian 5.10.179-1 (2023-05-12) |x86_64","11"
"223956","disconnected","e1-wgmesh-ist1","185.40.106.51","[""default"",""Linux-Servers"",""VPN-mesh""]","E1-SOC-SIEM","node01","2023-04-24T21:20:58+00:00","Wazuh v4.4.5","2023-08-22T19:43:31+00:00","x86_64","-","bullseye","11","-","Debian GNU/Linux","debian","Linux |e1-wgmesh-ist1 |5.10.0-23-cloud-amd64 |#1 SMP Debian 5.10.179-2 (2023-07-14) |x86_64","11"
"223957","disconnected","e1-mesh-cai1","213.170.143.124","[""default"",""Linux-Servers"",""VPN-mesh""]","E1-SOC-SIEM","node01","2023-04-24T21:21:01+00:00","Wazuh v4.4.5","2023-08-22T19:43:33+00:00","x86_64","-","bullseye","11","-","Debian GNU/Linux","debian","Linux |e1-mesh-cai1 |5.10.0-23-cloud-amd64 |#1 SMP Debian 5.10.179-1 (2023-05-12) |x86_64","11"
"223958","disconnected","e1-wgmesh-mex1","200.25.81.120","[""default"",""Linux-Servers"",""VPN-mesh""]","E1-SOC-SIEM","node01","2023-04-24T21:21:12+00:00","Wazuh v4.4.5","2023-08-22T19:43:30+00:00","x86_64","-","bullseye","11","-","Debian GNU/Linux","debian","Linux |e1-wgmesh-mex1 |5.10.0-23-cloud-amd64 |#1 SMP Debian 5.10.179-1 (2023-05-12) |x86_64","11"
"223959","disconnected","e1-wgmesh-cwb1","200.25.70.117","[""default"",""Linux-Servers"",""VPN-mesh""]","E1-SOC-SIEM","node01","2023-04-24T21:21:13+00:00","Wazuh v4.4.5","2023-08-22T19:43:28+00:00","x86_64","-","bullseye","11","-","Debian GNU/Linux","debian","Linux |e1-wgmesh-cwb1 |5.10.0-23-cloud-amd64 |#1 SMP Debian 5.10.179-1 (2023-05-12) |x86_64","11"
"223960","disconnected","e1-wgmesh-gua1","200.25.69.122","[""default"",""Linux-Servers"",""VPN-mesh""]","E1-SOC-SIEM","node01","2023-04-24T21:21:13+00:00","Wazuh v4.4.5","2023-08-22T19:43:25+00:00","x86_64","-","bullseye","11","-","Debian GNU/Linux","debian","Linux |e1-wgmesh-gua1 |5.10.0-23-cloud-amd64 |#1 SMP Debian 5.10.179-2 (2023-07-14) |x86_64","11"
"223961","disconnected","e1-net-storage-mia1","200.25.48.106","[""default"",""Linux-Servers""]","E1-SOC-SIEM","node01","2023-04-26T09:32:38+00:00","Wazuh v4.3.5","2023-08-22T19:43:31+00:00","x86_64","-","Focal Fossa","20","04","Ubuntu","ubuntu","Linux |E1-NETWORK-Storage |5.4.0-94-generic |#106-Ubuntu SMP Thu Jan 6 23:58:14 UTC 2022 |x86_64","20.04.3 LTS"
"223962","disconnected","pve001","200.25.18.116","[""default"",""Linux-Servers""]","E1-SOC-SIEM","node01","2023-04-26T09:33:09+00:00","Wazuh v4.4.5","2023-08-22T19:43:26+00:00","x86_64","-","bullseye","11","-","Debian GNU/Linux","debian","Linux |pve001 |5.15.74-1-pve |#1 SMP PVE 5.15.74-1 (Mon, 14 Nov 2022 20:17:15 +0100) |x86_64","11"
"223963","disconnected","E1-agent-gdl1","200.25.15.29","[""default"",""Linux-Servers""]","E1-SOC-SIEM","node01","2023-04-26T09:33:34+00:00","Wazuh v4.4.1","2023-07-11T18:56:58+00:00","x86_64","-","bullseye","11","-","Debian GNU/Linux","debian","Linux |E1-agent-gdl1 |5.11.22-3-pve |#1 SMP PVE 5.11.22-6 (Wed, 28 Jul 2021 10:51:12 +0200) |x86_64","11"
"223964","disconnected","nb-upgrade","172.26.52.130","[""default"",""Linux-Servers""]","E1-SOC-SIEM","node01","2023-04-26T09:34:23+00:00","Wazuh v4.4.1","2023-05-26T12:31:24+00:00","x86_64","-","Focal Fossa","20","04","Ubuntu","ubuntu","Linux |nb-upgrade |5.4.0-147-generic |#164-Ubuntu SMP Tue Mar 21 14:23:17 UTC 2023 |x86_64","20.04.6 LTS"
"223965","disconnected","pve003","200.25.18.118","[""default"",""Linux-Servers""]","E1-SOC-SIEM","node01","2023-04-26T09:35:06+00:00","Wazuh v4.4.5","2023-08-22T19:43:26+00:00","x86_64","-","bullseye","11","-","Debian GNU/Linux","debian","Linux |pve003 |5.15.74-1-pve |#1 SMP PVE 5.15.74-1 (Mon, 14 Nov 2022 20:17:15 +0100) |x86_64","11"
"223966","disconnected","E1-CROWDSEC-IPS","172.16.52.63","[""Linux-VMs-Security"",""Linux-Servers""]","E1-SOC-SIEM","node01","2023-04-26T09:35:12+00:00","Wazuh v4.4.5","2023-08-22T19:43:26+00:00","x86_64","-","bullseye","11","-","Debian GNU/Linux","debian","Linux |E1-CROWDSEC-IPS |5.15.74-1-pve |#1 SMP PVE 5.15.74-1 (Mon, 14 Nov 2022 20:17:15 +0100) |x86_64","11"
"223967","disconnected","E1-mx3-pve","200.25.3.43","[""default"",""Linux-Servers""]","E1-SOC-SIEM","node01","2023-04-26T09:35:18+00:00","Wazuh v4.4.5","2023-08-22T19:43:28+00:00","x86_64","-","bullseye","11","-","Debian GNU/Linux","debian","Linux |E1-mx3-pve |5.15.74-1-pve |#1 SMP PVE 5.15.74-1 (Mon, 14 Nov 2022 20:17:15 +0100) |x86_64","11"
"223968","disconnected","E1-mx1-pve","200.25.3.45","[""default"",""Linux-Servers""]","E1-SOC-SIEM","node01","2023-04-26T09:35:24+00:00","Wazuh v4.4.5","2023-08-22T19:43:29+00:00","x86_64","-","bullseye","11","-","Debian GNU/Linux","debian","Linux |E1-mx1-pve |5.15.74-1-pve |#1 SMP PVE 5.15.74-1 (Mon, 14 Nov 2022 20:17:15 +0100) |x86_64","11"
"223969","disconnected","pve002","200.25.18.117","[""default"",""Linux-Servers""]","E1-SOC-SIEM","node01","2023-04-26T09:37:09+00:00","Wazuh v4.4.5","2023-08-22T19:43:26+00:00","x86_64","-","bullseye","11","-","Debian GNU/Linux","debian","Linux |pve002 |5.15.74-1-pve |#1 SMP PVE 5.15.74-1 (Mon, 14 Nov 2022 20:17:15 +0100) |x86_64","11"
"223970","disconnected","E1-spt-poa1","200.25.42.28","[""default"",""Linux-Servers""]","E1-SOC-SIEM","node01","2023-04-26T09:38:05+00:00","Wazuh v4.4.5","2023-08-22T19:43:32+00:00","x86_64","-","Focal Fossa","20","04","Ubuntu","ubuntu","Linux |E1-spt-poa1 |5.15.107-1-pve |#1 SMP PVE 5.15.107-1 (2023-04-20T10:05Z) |x86_64","20.04 LTS"
"223971","disconnected","E1-MTA2-Zimbra","200.25.3.42","[""default"",""Linux-Servers""]","E1-SOC-SIEM","node01","2023-04-26T09:38:17+00:00","Wazuh v4.4.5","2023-08-22T19:43:30+00:00","x86_64","-","Bionic Beaver","18","04","Ubuntu","ubuntu","Linux |E1-MTA2-Zimbra |5.15.74-1-pve |#1 SMP PVE 5.15.74-1 (Mon, 14 Nov 2022 20:17:15 +0100) |x86_64","18.04.6 LTS"
"223972","disconnected","E1-proxy1-Zimbra","200.25.3.39","[""default"",""Linux-Servers""]","E1-SOC-SIEM","node01","2023-04-26T09:38:24+00:00","Wazuh v4.4.5","2023-08-22T19:43:28+00:00","x86_64","-","Bionic Beaver","18","04","Ubuntu","ubuntu","Linux |E1-proxy1-Zimbra |5.15.74-1-pve |#1 SMP PVE 5.15.74-1 (Mon, 14 Nov 2022 20:17:15 +0100) |x86_64","18.04.6 LTS"
"223973","disconnected","E1-spt-qro1","200.25.32.61","[""default"",""Linux-Servers""]","E1-SOC-SIEM","node01","2023-04-26T09:39:01+00:00","Wazuh v4.4.5","2023-08-22T19:43:36+00:00","x86_64","-","Bionic Beaver","18","04","Ubuntu","ubuntu","Linux |E1-spt-qro1 |5.15.74-1-pve |#1 SMP PVE 5.15.74-1 (Mon, 14 Nov 2022 20:17:15 +0100) |x86_64","18.04.6 LTS"
"223974","disconnected","E1-Stats-MIA1","200.25.48.62","[""default"",""Linux-Servers""]","E1-SOC-SIEM","node01","2023-04-26T09:39:56+00:00","Wazuh v4.4.5","2023-08-22T19:43:31+00:00","x86_64","-","Focal Fossa","20","04","Ubuntu","ubuntu","Linux |E1-Stats-MIA1 |5.15.53-1-pve |#1 SMP PVE 5.15.53-1 (Fri, 26 Aug 2022 16:53:52 +0200) |x86_64","20.04.5 LTS"
"223975","disconnected","kali-interno","200.25.48.150","[""default"",""Linux-Servers""]","E1-SOC-SIEM","node01","2023-04-26T09:41:22+00:00","Wazuh v4.4.1","2023-05-31T14:59:02+00:00","x86_64","-","-","2022","3","Kali GNU/Linux","kali","Linux |kali-interno |5.18.0-kali7-amd64 |#1 SMP PREEMPT_DYNAMIC Debian 5.18.16-1kali1 (2022-08-31) |x86_64","2022.3"
"223976","disconnected","E1-spt-mia","200.25.48.26","[""default"",""Linux-Servers""]","E1-SOC-SIEM","node01","2023-04-26T09:42:14+00:00","Wazuh v4.4.5","2023-08-22T19:43:30+00:00","x86_64","-","Bionic Beaver","18","04","Ubuntu","ubuntu","Linux |E1-spt-mia |5.15.53-1-pve |#1 SMP PVE 5.15.53-1 (Fri, 26 Aug 2022 16:53:52 +0200) |x86_64","18.04.6 LTS"
"223977","disconnected","E1-LDAP2-Zimbra","172.16.52.51","[""default"",""Linux-Servers""]","E1-SOC-SIEM","node01","2023-04-26T09:43:39+00:00","Wazuh v4.4.5","2023-08-22T19:43:31+00:00","x86_64","-","Bionic Beaver","18","04","Ubuntu","ubuntu","Linux |E1-LDAP2-Zimbra |5.15.74-1-pve |#1 SMP PVE 5.15.74-1 (Mon, 14 Nov 2022 20:17:15 +0100) |x86_64","18.04.6 LTS"
"223978","disconnected","E1-spt-ist","185.40.106.60","[""default"",""Linux-Servers""]","E1-SOC-SIEM","node01","2023-04-26T09:43:46+00:00","Wazuh v4.4.5","2023-08-22T19:43:30+00:00","x86_64","-","Bionic Beaver","18","04","Ubuntu","ubuntu","Linux |E1-spt-ist |5.15.107-2-pve |#1 SMP PVE 5.15.107-2 (2023-05-10T09:10Z) |x86_64","18.04.6 LTS"
"223979","disconnected","siem-feeds","172.26.52.182","[""default"",""Linux-Servers""]","E1-SOC-SIEM","node01","2023-04-26T09:43:52+00:00","Wazuh v4.4.5","2023-08-22T19:43:25+00:00","x86_64","-","Focal Fossa","20","04","Ubuntu","ubuntu","Linux |siem-feeds |5.4.0-109-generic |#123-Ubuntu SMP Fri Apr 8 09:10:54 UTC 2022 |x86_64","20.04.5 LTS"
"223980","disconnected","E1-spt-sjo1","200.25.13.76","[""default"",""Linux-Servers""]","E1-SOC-SIEM","node01","2023-04-26T09:44:28+00:00","Wazuh v4.4.5","2023-08-22T19:43:32+00:00","x86_64","-","Bionic Beaver","18","04","Ubuntu","ubuntu","Linux |E1-spt-sjo1 |5.15.74-1-pve |#1 SMP PVE 5.15.74-1 (Mon, 14 Nov 2022 20:17:15 +0100) |x86_64","18.04.6 LTS"
"223981","disconnected","E1-spt-lim","200.25.44.29","[""default"",""Linux-Servers""]","E1-SOC-SIEM","node01","2023-04-26T09:45:06+00:00","Wazuh v4.4.5","2023-08-22T19:43:29+00:00","x86_64","-","Bionic Beaver","18","04","Ubuntu","ubuntu","Linux |E1-spt-lim |5.15.35-1-pve |#1 SMP PVE 5.15.35-3 (Wed, 11 May 2022 07:57:51 +0200) |x86_64","18.04.6 LTS"
"223982","disconnected","E1-RP-FOR1","200.25.36.40","[""default"",""Linux-Servers"",""RP""]","E1-SOC-SIEM","node01","2023-04-26T09:49:31+00:00","Wazuh v4.4.5","2023-08-22T19:43:31+00:00","x86_64","-","bookworm","12","-","Debian GNU/Linux","debian","Linux |E1-RP-FOR1 |5.15.60-1-pve |#1 SMP PVE 5.15.60-1 (Mon, 19 Sep 2022 17:53:17 +0200) |x86_64","12"
"223983","disconnected","E1-mx2-pve","200.25.3.44","[""default"",""Linux-Servers""]","E1-SOC-SIEM","node01","2023-04-26T10:16:43+00:00","Wazuh v4.4.5","2023-08-22T19:43:30+00:00","x86_64","-","bullseye","11","-","Debian GNU/Linux","debian","Linux |E1-mx2-pve |5.15.74-1-pve |#1 SMP PVE 5.15.74-1 (Mon, 14 Nov 2022 20:17:15 +0100) |x86_64","11"
"223984","disconnected","E1-spt-bog1","200.25.0.229","[""default"",""Linux-Servers""]","E1-SOC-SIEM","node01","2023-04-26T10:56:37+00:00","Wazuh v4.4.5","2023-08-22T19:43:31+00:00","x86_64","-","Focal Fossa","20","04","Ubuntu","ubuntu","Linux |E1-spt-bog1 |5.15.74-1-pve |#1 SMP PVE 5.15.74-1 (Mon, 14 Nov 2022 20:17:15 +0100) |x86_64","20.04.4 LTS"
"223986","disconnected","E1-cacti","200.25.52.102","[""default""]","E1-SOC-SIEM","node01","2023-05-10T15:22:18+00:00","Wazuh v4.4.1","2023-06-06T13:37:04+00:00","x86_64","-","Bionic Beaver","18","04","Ubuntu","ubuntu","Linux |E1-cacti |5.15.60-2-pve |#1 SMP PVE 5.15.60-2 (Tue, 04 Oct 2022 16:52:28 +0200) |x86_64","18.04.6 LTS"
"223987","disconnected","E1-MX-BNZ3503","192.168.68.120","[""default""]","E1-SOC-SIEM","node01","2023-05-23T14:28:28+00:00","Wazuh v4.3.5","2023-08-22T19:43:25+00:00","-","19044","-","10","0","Microsoft Windows 10 Pro","windows","Microsoft Windows 10 Pro","10.0.19044"
"223988","disconnected","E1-BR-7QK7WF3","10.202.42.23","[""default""]","E1-SOC-SIEM","node01","2023-05-23T16:49:22+00:00","Wazuh v4.2.6","2023-08-22T19:43:30+00:00","-","19045","-","10","0","Microsoft Windows 10 Pro","windows","Microsoft Windows 10 Pro","10.0.19045"
"223989","disconnected","E1-BR-1Z3WD93","169.254.35.178","[""default""]","E1-SOC-SIEM","node01","2023-05-24T03:05:51+00:00","Wazuh v4.3.5","2023-08-21T17:02:12+00:00","-","22621","-","10","0","Microsoft Windows 11 Pro","windows","Microsoft Windows 11 Pro","10.0.22621"
"223990","disconnected","E1-BR-4M7SBD3","10.202.40.34","[""default""]","E1-SOC-SIEM","node01","2023-05-24T14:02:52+00:00","Wazuh v4.3.5","2023-07-04T18:36:10+00:00","-","22621","-","10","0","Microsoft Windows 11 Pro","windows","Microsoft Windows 11 Pro","10.0.22621"
"223991","disconnected","e1-goalert-test","172.26.52.114","[""default""]","E1-SOC-SIEM","node01","2023-05-24T14:08:05+00:00","Wazuh v4.3.5","2023-05-25T21:00:58+00:00","x86_64","-","bullseye","11","-","Debian GNU/Linux","debian","Linux |e1-goalert-test |5.15.53-1-pve |#1 SMP PVE 5.15.53-1 (Fri, 26 Aug 2022 16:53:52 +0200) |x86_64","11"
"223993","disconnected","E1-TR-81FD0","192.168.1.103","[""default""]","E1-SOC-SIEM","node01","2023-05-29T10:46:36+00:00","Wazuh v4.3.5","2023-08-16T08:06:50+00:00","-","22621","-","10","0","Microsoft Windows 11 Pro","windows","Microsoft Windows 11 Pro","10.0.22621"
"223995","disconnected","e1-wgmesh-qro1","200.25.32.57","[""default""]","E1-SOC-SIEM","node01","2023-06-05T13:24:28+00:00","Wazuh v4.4.5","2023-08-22T19:43:33+00:00","x86_64","-","bullseye","11","-","Debian GNU/Linux","debian","Linux |e1-wgmesh-qro1 |5.10.0-23-cloud-amd64 |#1 SMP Debian 5.10.179-1 (2023-05-12) |x86_64","11"
"223996","disconnected","e1-wgmesh-ruh1","89.35.237.136","[""default""]","E1-SOC-SIEM","node01","2023-06-05T13:24:31+00:00","Wazuh v4.4.5","2023-08-22T19:43:33+00:00","x86_64","-","bullseye","11","-","Debian GNU/Linux","debian","Linux |e1-wgmesh-ruh1 |5.10.0-23-cloud-amd64 |#1 SMP Debian 5.10.179-1 (2023-05-12) |x86_64","11"
"223997","disconnected","e1-wgvpn-eze2","200.25.50.37","[""default"",""VPN-endpoint""]","E1-SOC-SIEM","node01","2023-06-05T14:34:57+00:00","Wazuh v4.4.5","2023-08-22T19:43:30+00:00","x86_64","-","bullseye","11","-","Debian GNU/Linux","debian","Linux |e1-wgvpn-eze2 |5.10.0-23-cloud-amd64 |#1 SMP Debian 5.10.179-1 (2023-05-12) |x86_64","11"
"223998","disconnected","e1-wgvpn-gru1","200.25.56.219","[""default"",""VPN-endpoint""]","E1-SOC-SIEM","node01","2023-06-05T14:34:57+00:00","Wazuh v4.4.4","2023-07-05T20:09:13+00:00","x86_64","-","bullseye","11","-","Debian GNU/Linux","debian","Linux |e1-wgvpn-gru1 |5.10.0-23-cloud-amd64 |#1 SMP Debian 5.10.179-1 (2023-05-12) |x86_64","11"
"224000","disconnected","e1-wgvpn-uio1","192.168.4.112","[""default"",""VPN-endpoint""]","E1-SOC-SIEM","node01","2023-06-05T14:34:59+00:00","Wazuh v4.4.5","2023-08-22T19:43:28+00:00","x86_64","-","bullseye","11","-","Debian GNU/Linux","debian","Linux |e1-wgvpn-uio1 |5.10.0-23-cloud-amd64 |#1 SMP Debian 5.10.179-1 (2023-05-12) |x86_64","11"
"224001","disconnected","e1-wgvpn-mia","200.25.48.59","[""default"",""VPN-endpoint""]","E1-SOC-SIEM","node01","2023-06-05T14:35:00+00:00","Wazuh v4.4.5","2023-08-22T19:43:25+00:00","x86_64","-","bullseye","11","-","Debian GNU/Linux","debian","Linux |e1-wgvpn-mia |5.10.0-21-cloud-amd64 |#1 SMP Debian 5.10.162-1 (2023-01-21) |x86_64","11"
"224002","disconnected","e1-wgvpn-bog2","200.25.0.90","[""default"",""VPN-endpoint""]","E1-SOC-SIEM","node01","2023-06-05T15:28:58+00:00","Wazuh v4.4.5","2023-08-22T19:43:26+00:00","x86_64","-","bullseye","11","-","Debian GNU/Linux","debian","Linux |e1-wgvpn-bog2 |5.10.0-23-cloud-amd64 |#1 SMP Debian 5.10.179-1 (2023-05-12) |x86_64","11"
"224003","disconnected","e1-wgmesh-vpn-udia","10.202.46.2","[""default"",""VPN-mesh"",""VPN-endpoint""]","E1-SOC-SIEM","node01","2023-06-05T15:29:09+00:00","Wazuh v4.4.3","2023-06-06T19:49:25+00:00","x86_64","-","bullseye","11","-","Debian GNU/Linux","debian","Linux |e1-wgmesh-vpn-udia |5.10.0-23-cloud-amd64 |#1 SMP Debian 5.10.179-1 (2023-05-12) |x86_64","11"
"224004","disconnected","MacBook-Air-de-Diana.local","192.168.80.35","[""default""]","E1-SOC-SIEM","node01","2023-06-12T14:39:25+00:00","Wazuh v4.2.5","2023-07-16T22:48:16+00:00","x86_64","-","Unknown","13","4","macOS","darwin","Darwin |MacBook-Air-de-Diana.local |22.5.0 |Darwin Kernel Version 22.5.0: Mon Apr 24 20:51:50 PDT 2023; root:xnu-8796.121.2~5/RELEASE_X86_64 |x86_64","13.4"
"224005","disconnected","E1-BR-FNTDH93","192.168.15.18","[""default""]","E1-SOC-SIEM","node01","2023-06-13T18:30:33+00:00","Wazuh v4.3.5","2023-08-15T20:57:00+00:00","-","19045","-","10","0","Microsoft Windows 10 Pro","windows","Microsoft Windows 10 Pro","10.0.19045"
"224006","disconnected","E1-PE-8TRYNT2","192.168.1.11","[""default""]","E1-SOC-SIEM","node01","2023-06-16T06:37:49+00:00","Wazuh v4.3.5","2023-07-26T13:34:51+00:00","-","19044","-","10","0","Microsoft Windows 10 Pro","windows","Microsoft Windows 10 Pro","10.0.19044"
"224007","disconnected","E1-BR-4D2PSH3","10.10.21.138","[""default""]","E1-SOC-SIEM","node01","2023-06-22T13:01:14+00:00","Wazuh v4.2.0","2023-08-22T19:40:19+00:00","-","19045","-","10","0","Microsoft Windows 10 Pro","windows","Microsoft Windows 10 Pro","10.0.19045"
"224008","disconnected","E1-US-RKDHK62GW9.local","10.10.21.130","[""default""]","E1-SOC-SIEM","node01","2023-06-29T19:33:32+00:00","Wazuh v4.2.5","2023-08-22T19:41:25+00:00","x86_64","-","Unknown","13","4","macOS","darwin","Darwin |E1-US-RKDHK62GW9.local |22.5.0 |Darwin Kernel Version 22.5.0: Thu Jun  8 22:22:20 PDT 2023; root:xnu-8796.121.3~7/RELEASE_ARM64_T6000 |x86_64","13.4.1"
"224009","disconnected","e1-dcim-agent-qro1","200.25.32.62","[""default""]","E1-SOC-SIEM","node01","2023-07-17T14:14:40+00:00","Wazuh v4.4.5","2023-08-22T19:43:25+00:00","x86_64","-","bullseye","11","-","Debian GNU/Linux","debian","Linux |e1-dcim-agent-qro1 |5.10.0-24-cloud-amd64 |#1 SMP Debian 5.10.179-5 (2023-08-08) |x86_64","11"
"224011","disconnected","e1-dcim-agent-rio1","200.25.52.94","[""default""]","E1-SOC-SIEM","node01","2023-07-17T18:06:44+00:00","Wazuh v4.4.5","2023-08-22T19:43:30+00:00","x86_64","-","bullseye","11","-","Debian GNU/Linux","debian","Linux |e1-dcim-agent-rio1 |5.10.0-23-cloud-amd64 |#1 SMP Debian 5.10.179-1 (2023-05-12) |x86_64","11"
"224012","disconnected","e1-dcim-agent-sju1","200.25.18.125","[""default""]","E1-SOC-SIEM","node01","2023-07-17T18:06:45+00:00","Wazuh v4.4.5","2023-08-22T19:43:25+00:00","x86_64","-","bullseye","11","-","Debian GNU/Linux","debian","Linux |e1-dcim-agent-sju1 |5.10.0-21-cloud-amd64 |#1 SMP Debian 5.10.162-1 (2023-01-21) |x86_64","11"
"224013","disconnected","e1-dcim-agent-bog2","200.25.1.190","[""default""]","E1-SOC-SIEM","node01","2023-07-17T18:06:45+00:00","Wazuh v4.4.5","2023-08-22T19:43:30+00:00","x86_64","-","bullseye","11","-","Debian GNU/Linux","debian","Linux |e1-dcim-agent-bog2 |5.10.0-21-cloud-amd64 |#1 SMP Debian 5.10.162-1 (2023-01-21) |x86_64","11"
"224014","disconnected","e1-dcim-agent-poa1","200.25.42.29","[""default""]","E1-SOC-SIEM","node01","2023-07-17T18:06:45+00:00","Wazuh v4.4.1","2023-08-22T19:43:30+00:00","x86_64","-","bullseye","11","-","Debian GNU/Linux","debian","Linux |e1-dcim-agent-poa1 |5.10.0-23-cloud-amd64 |#1 SMP Debian 5.10.179-2 (2023-07-14) |x86_64","11"
"224015","disconnected","E1-DCIM-AGENT-GRU1","200.25.59.30","[""default""]","E1-SOC-SIEM","node01","2023-07-17T18:06:45+00:00","Wazuh v4.4.5","2023-08-22T19:43:30+00:00","x86_64","-","bullseye","11","-","Debian GNU/Linux","debian","Linux |E1-DCIM-AGENT-GRU1 |5.10.0-21-cloud-amd64 |#1 SMP Debian 5.10.162-1 (2023-01-21) |x86_64","11"
"224016","disconnected","e1-dcim-agent-for1","200.25.36.45","[""default""]","E1-SOC-SIEM","node01","2023-07-17T18:06:45+00:00","Wazuh v4.4.5","2023-08-22T19:43:29+00:00","x86_64","-","bullseye","11","-","Debian GNU/Linux","debian","Linux |e1-dcim-agent-for1 |5.10.0-21-cloud-amd64 |#1 SMP Debian 5.10.162-1 (2023-01-21) |x86_64","11"
"224017","disconnected","e1-dcim-agent-mex1","200.25.81.122","[""default""]","E1-SOC-SIEM","node01","2023-07-17T18:06:45+00:00","Wazuh v4.4.5","2023-08-22T19:43:33+00:00","x86_64","-","bullseye","11","-","Debian GNU/Linux","debian","Linux |e1-dcim-agent-mex1 |5.10.0-21-cloud-amd64 |#1 SMP Debian 5.10.162-1 (2023-01-21) |x86_64","11"
"224018","disconnected","e1-dcim-agent-scl1","200.25.20.222","[""default""]","E1-SOC-SIEM","node01","2023-07-17T18:06:46+00:00","Wazuh v4.4.5","2023-08-22T19:43:27+00:00","x86_64","-","bullseye","11","-","Debian GNU/Linux","debian","Linux |e1-dcim-agent-scl1 |5.10.0-21-cloud-amd64 |#1 SMP Debian 5.10.162-1 (2023-01-21) |x86_64","11"
"224019","disconnected","e1-dcim-agent-gdl1","200.25.15.29","[""default""]","E1-SOC-SIEM","node01","2023-07-17T18:06:46+00:00","Wazuh v4.4.5","2023-08-22T19:43:29+00:00","x86_64","-","bullseye","11","-","Debian GNU/Linux","debian","Linux |e1-dcim-agent-gdl1 |5.10.0-9-cloud-amd64 |#1 SMP Debian 5.10.70-1 (2021-09-30) |x86_64","11"
"224020","disconnected","e1-dcim-agent-cwb1","200.25.70.119","[""default""]","E1-SOC-SIEM","node01","2023-07-17T18:06:46+00:00","Wazuh v4.4.5","2023-08-22T19:43:29+00:00","x86_64","-","bullseye","11","-","Debian GNU/Linux","debian","Linux |e1-dcim-agent-cwb1 |5.10.0-23-cloud-amd64 |#1 SMP Debian 5.10.179-1 (2023-05-12) |x86_64","11"
"224021","disconnected","e1-dcim-agent-bsb1","200.25.16.124","[""default""]","E1-SOC-SIEM","node01","2023-07-17T18:06:46+00:00","Wazuh v4.4.5","2023-08-22T19:43:29+00:00","x86_64","-","bullseye","11","-","Debian GNU/Linux","debian","Linux |e1-dcim-agent-bsb1 |5.10.0-21-cloud-amd64 |#1 SMP Debian 5.10.162-1 (2023-01-21) |x86_64","11"
"224022","disconnected","e1-dcim-agent-uio1","200.25.38.204","[""default""]","E1-SOC-SIEM","node01","2023-07-17T18:06:46+00:00","Wazuh v4.4.5","2023-08-22T19:43:26+00:00","x86_64","-","bullseye","11","-","Debian GNU/Linux","debian","Linux |e1-dcim-agent-uio1 |5.10.0-21-cloud-amd64 |#1 SMP Debian 5.10.162-1 (2023-01-21) |x86_64","11"
"224023","disconnected","e1-dcim-agent-ruh1","89.35.237.135","[""default""]","E1-SOC-SIEM","node01","2023-07-17T18:06:47+00:00","Wazuh v4.4.5","2023-08-22T19:43:31+00:00","x86_64","-","bullseye","11","-","Debian GNU/Linux","debian","Linux |e1-dcim-agent-ruh1 |5.10.0-21-cloud-amd64 |#1 SMP Debian 5.10.162-1 (2023-01-21) |x86_64","11"
"224024","disconnected","e1-dcim-agent-eze2","200.25.61.78","[""default""]","E1-SOC-SIEM","node01","2023-07-17T18:06:47+00:00","Wazuh v4.4.5","2023-08-22T19:43:28+00:00","x86_64","-","bullseye","11","-","Debian GNU/Linux","debian","Linux |e1-dcim-agent-eze2 |5.10.0-23-cloud-amd64 |#1 SMP Debian 5.10.179-1 (2023-05-12) |x86_64","11"
"224025","disconnected","e1-dcim-agent-ist1","185.40.106.62","[""default""]","E1-SOC-SIEM","node01","2023-07-17T18:06:47+00:00","Wazuh v4.4.5","2023-08-22T19:43:30+00:00","x86_64","-","bullseye","11","-","Debian GNU/Linux","debian","Linux |e1-dcim-agent-ist1 |5.10.0-21-cloud-amd64 |#1 SMP Debian 5.10.162-1 (2023-01-21) |x86_64","11"
"224026","disconnected","e1-dcim-agent-gua1","200.25.69.126","[""default""]","E1-SOC-SIEM","node01","2023-07-17T18:06:47+00:00","Wazuh v4.4.5","2023-08-22T19:43:25+00:00","x86_64","-","bullseye","11","-","Debian GNU/Linux","debian","Linux |e1-dcim-agent-gua1 |5.10.0-23-cloud-amd64 |#1 SMP Debian 5.10.179-2 (2023-07-14) |x86_64","11"
"224027","disconnected","e1-dcim-agent-lim1","200.25.44.62","[""default""]","E1-SOC-SIEM","node01","2023-07-17T18:06:48+00:00","Wazuh v4.4.5","2023-08-22T19:43:26+00:00","x86_64","-","bullseye","11","-","Debian GNU/Linux","debian","Linux |e1-dcim-agent-lim1 |5.10.0-23-cloud-amd64 |#1 SMP Debian 5.10.179-2 (2023-07-14) |x86_64","11"
"224028","disconnected","e1-dcim-agent-mia1","172.26.52.112","[""default""]","E1-SOC-SIEM","node01","2023-07-17T18:06:48+00:00","Wazuh v4.4.5","2023-08-22T19:43:31+00:00","x86_64","-","bullseye","11","-","Debian GNU/Linux","debian","Linux |e1-dcim-agent-mia1 |5.10.0-21-cloud-amd64 |#1 SMP Debian 5.10.162-1 (2023-01-21) |x86_64","11"
"224029","disconnected","E1-DCIM-AGENT-CAI1","213.170.143.122","[""default""]","E1-SOC-SIEM","node01","2023-07-17T18:06:48+00:00","Wazuh v4.4.5","2023-08-22T19:43:33+00:00","x86_64","-","bullseye","11","-","Debian GNU/Linux","debian","Linux |E1-DCIM-AGENT-CAI1 |5.10.0-23-cloud-amd64 |#1 SMP Debian 5.10.179-1 (2023-05-12) |x86_64","11"
"224030","disconnected","e1-dcim-agent-sjo1","200.25.13.77","[""default""]","E1-SOC-SIEM","node01","2023-07-17T18:07:02+00:00","Wazuh v4.4.5","2023-08-22T19:43:33+00:00","x86_64","-","bullseye","11","-","Debian GNU/Linux","debian","Linux |e1-dcim-agent-sjo1 |5.10.0-21-cloud-amd64 |#1 SMP Debian 5.10.162-1 (2023-01-21) |x86_64","11"
"224031","disconnected","E1-spt-scl1","200.25.20.14","[""default""]","E1-SOC-SIEM","node01","2023-07-19T20:54:25+00:00","Wazuh v4.4.5","2023-08-22T19:43:30+00:00","x86_64","-","Bionic Beaver","18","04","Ubuntu","ubuntu","Linux |E1-spt-scl1 |5.15.108-1-pve |#1 SMP PVE 5.15.108-1 (2023-06-17T09:41Z) |x86_64","18.04.6 LTS"
"224032","disconnected","E1-NOC3-JCYKF93","10.202.42.42","[""default""]","E1-SOC-SIEM","node01","2023-07-26T02:01:59+00:00","Wazuh v4.3.5","2023-08-22T19:43:26+00:00","-","22621","-","10","0","Microsoft Windows 11 Pro","windows","Microsoft Windows 11 Pro","10.0.22621"
"224033","disconnected","e1-rp-mia1-internal-tools","172.26.52.100","[""default"",""RP""]","E1-SOC-SIEM","node01","2023-07-26T14:51:04+00:00","Wazuh v4.4.5","2023-08-22T19:43:30+00:00","x86_64","-","bookworm","12","-","Debian GNU/Linux","debian","Linux |e1-rp-mia1-internal-tools |6.1.0-10-cloud-amd64 |#1 SMP PREEMPT_DYNAMIC Debian 6.1.38-1 (2023-07-14) |x86_64","12"
"224034","disconnected","E1-Kentik-Probe","200.25.15.21","[""default""]","E1-SOC-SIEM","node01","2023-08-01T02:17:52+00:00","Wazuh v4.4.5","2023-08-22T19:43:25+00:00","x86_64","-","buster","10","-","Debian GNU/Linux","debian","Linux |E1-Kentik-Probe |5.11.22-3-pve |#1 SMP PVE 5.11.22-6 (Wed, 28 Jul 2021 10:51:12 +0200) |x86_64","10"
"224035","disconnected","e1-rp-bog2-internal-tools","200.25.1.68","[""default""]","E1-SOC-SIEM","node01","2023-08-09T12:13:01+00:00","Wazuh v4.4.5","2023-08-22T19:43:25+00:00","x86_64","-","bookworm","12","-","Debian GNU/Linux","debian","Linux |e1-rp-bog2-internal-tools |6.1.0-10-cloud-amd64 |#1 SMP PREEMPT_DYNAMIC Debian 6.1.38-2 (2023-07-27) |x86_64","12"